category,original_path,approx_size,reason,recreation_reference
raw_audio,data/raw,9.9 GB,redistribution rights vary and package would be too large,01-03 and src scripts
logmel_cache,data/processed/logmel,3.9 GB,reproducible binary cache,13 and 15
mert_cache,data/processed/mert,385 MB,reproducible binary cache,17 and 22
robustness_cache,data/processed/model_robustness,484 MB,reproducible binary cache,22
reencoded_mp3,data/processed/mp3_robustness,1.3 GB,derived audio and package would be too large,12 and 15
feature_checkpoint,data/processed/features/handcrafted_features_10s_checkpoint.pkl,22 MB,duplicated by final feature CSV,08
model_checkpoints,checkpoints,87 MB,not required for reviewing code and result tables,09 13 14 17 19 22
per_sample_predictions,results/**/*predictions*.csv,about 2 MB,intermediate rows rather than summary tables,relevant experiment notebooks
duplicate_runs,results/**/runs,about 2.6 MB,repeated snapshots of final MERT runs,22
