original_audio,generator,track_sample_id,genre,split
1984 - Punk Rock Opera,acestep,sample_00297,Rock,train
1984 - Punk Rock Opera,audioldm,sample_00793,Rock,train
1984 - Punk Rock Opera,brev,sample_01081,Rock,train
1984 - Punk Rock Opera,diffrhythm,sample_01370,Rock,train
1984 - Punk Rock Opera,elevenlabs,sample_02865,Rock,train
1984 - Punk Rock Opera,mubert,sample_01600,Rock,train
1984 - Punk Rock Opera,musicgen,sample_03166,Rock,train
1984 - Punk Rock Opera,producer,sample_01729,Rock,train
1984 - Punk Rock Opera,songgen,sample_01962,Rock,train
1984 - Punk Rock Opera,stableaudio,sample_02779,Rock,train
1984 - Punk Rock Opera,suno,sample_02272,Rock,train
1984 - Punk Rock Opera,udio,sample_02572,Rock,train
2 (Wasn't There) - Isle of Pine,acestep,sample_00299,Rock,val
2 (Wasn't There) - Isle of Pine,audioldm,sample_00812,Rock,val
2 (Wasn't There) - Isle of Pine,brev,sample_01082,Rock,val
2 (Wasn't There) - Isle of Pine,diffrhythm,sample_01372,Rock,val
2 (Wasn't There) - Isle of Pine,elevenlabs,sample_02867,Rock,val
2 (Wasn't There) - Isle of Pine,mubert,sample_01620,Rock,val
2 (Wasn't There) - Isle of Pine,musicgen,sample_03168,Rock,val
2 (Wasn't There) - Isle of Pine,producer,sample_01730,Rock,val
2 (Wasn't There) - Isle of Pine,songgen,sample_01964,Rock,val
2 (Wasn't There) - Isle of Pine,stableaudio,sample_02780,Rock,val
2 (Wasn't There) - Isle of Pine,suno,sample_02273,Rock,val
2 (Wasn't There) - Isle of Pine,udio,sample_02573,Rock,val
Acoustic Unleashed - Remain,acestep,sample_00304,Electronic,train
Acoustic Unleashed - Remain,audioldm,sample_00604,Electronic,train
Acoustic Unleashed - Remain,brev,sample_00882,Electronic,train
Acoustic Unleashed - Remain,diffrhythm,sample_01183,Electronic,train
Acoustic Unleashed - Remain,elevenlabs,sample_02869,Electronic,train
Acoustic Unleashed - Remain,mubert,sample_01505,Electronic,train
Acoustic Unleashed - Remain,musicgen,sample_03173,Electronic,train
Acoustic Unleashed - Remain,producer,sample_01628,Electronic,train
Acoustic Unleashed - Remain,songgen,sample_01782,Electronic,train
Acoustic Unleashed - Remain,stableaudio,sample_02671,Electronic,train
Acoustic Unleashed - Remain,suno,sample_02071,Electronic,train
Acoustic Unleashed - Remain,udio,sample_02371,Electronic,train
Ad Astra - P C III,acestep,sample_00305,Electronic,train
Ad Astra - P C III,audioldm,sample_00618,Electronic,train
Ad Astra - P C III,brev,sample_00884,Electronic,train
Ad Astra - P C III,diffrhythm,sample_01184,Electronic,train
Ad Astra - P C III,elevenlabs,sample_02871,Electronic,train
Ad Astra - P C III,mubert,sample_01521,Electronic,train
Ad Astra - P C III,musicgen,sample_03174,Electronic,train
Ad Astra - P C III,producer,sample_01629,Electronic,train
Ad Astra - P C III,songgen,sample_01783,Electronic,train
Ad Astra - P C III,stableaudio,sample_02672,Electronic,train
Ad Astra - P C III,suno,sample_02073,Electronic,train
Ad Astra - P C III,udio,sample_02373,Electronic,train
All of Us - Eric Skiff,acestep,sample_00307,Electronic,train
All of Us - Eric Skiff,audioldm,sample_00663,Electronic,train
All of Us - Eric Skiff,brev,sample_00886,Electronic,train
All of Us - Eric Skiff,diffrhythm,sample_01185,Electronic,train
All of Us - Eric Skiff,elevenlabs,sample_02873,Electronic,train
All of Us - Eric Skiff,mubert,sample_01491,Electronic,train
All of Us - Eric Skiff,musicgen,sample_03176,Electronic,train
All of Us - Eric Skiff,producer,sample_01630,Electronic,train
All of Us - Eric Skiff,songgen,sample_01784,Electronic,train
All of Us - Eric Skiff,stableaudio,sample_02673,Electronic,train
All of Us - Eric Skiff,suno,sample_02075,Electronic,train
All of Us - Eric Skiff,udio,sample_02375,Electronic,train
"Aquamarine, My Distant Blue - Nihilore",acestep,sample_00311,Electronic,train
"Aquamarine, My Distant Blue - Nihilore",audioldm,sample_00646,Electronic,train
"Aquamarine, My Distant Blue - Nihilore",brev,sample_00888,Electronic,train
"Aquamarine, My Distant Blue - Nihilore",diffrhythm,sample_01188,Electronic,train
"Aquamarine, My Distant Blue - Nihilore",elevenlabs,sample_02875,Electronic,train
"Aquamarine, My Distant Blue - Nihilore",mubert,sample_01493,Electronic,train
"Aquamarine, My Distant Blue - Nihilore",musicgen,sample_03180,Electronic,train
"Aquamarine, My Distant Blue - Nihilore",producer,sample_01631,Electronic,train
"Aquamarine, My Distant Blue - Nihilore",songgen,sample_01787,Electronic,train
"Aquamarine, My Distant Blue - Nihilore",stableaudio,sample_02674,Electronic,train
"Aquamarine, My Distant Blue - Nihilore",suno,sample_02077,Electronic,train
"Aquamarine, My Distant Blue - Nihilore",udio,sample_02377,Electronic,train
Attention - Pete Prodoehl,acestep,sample_00314,Rock,test
Attention - Pete Prodoehl,audioldm,sample_00809,Rock,test
Attention - Pete Prodoehl,brev,sample_01084,Rock,test
Attention - Pete Prodoehl,diffrhythm,sample_01377,Rock,test
Attention - Pete Prodoehl,elevenlabs,sample_02877,Rock,test
Attention - Pete Prodoehl,mubert,sample_01609,Rock,test
Attention - Pete Prodoehl,musicgen,sample_03183,Rock,test
Attention - Pete Prodoehl,producer,sample_01731,Rock,test
Attention - Pete Prodoehl,songgen,sample_01969,Rock,test
Attention - Pete Prodoehl,stableaudio,sample_02785,Rock,test
Attention - Pete Prodoehl,suno,sample_02275,Rock,test
Attention - Pete Prodoehl,udio,sample_02575,Rock,test
Autobahn - S-B-J,acestep,sample_00316,Electronic,train
Autobahn - S-B-J,audioldm,sample_00881,Electronic,train
Autobahn - S-B-J,brev,sample_00890,Electronic,train
Autobahn - S-B-J,diffrhythm,sample_01192,Electronic,train
Autobahn - S-B-J,elevenlabs,sample_02879,Electronic,train
Autobahn - S-B-J,mubert,sample_01526,Electronic,train
Autobahn - S-B-J,musicgen,sample_03185,Electronic,train
Autobahn - S-B-J,producer,sample_01632,Electronic,train
Autobahn - S-B-J,songgen,sample_01791,Electronic,train
Autobahn - S-B-J,stableaudio,sample_02675,Electronic,train
Autobahn - S-B-J,suno,sample_02079,Electronic,train
Autobahn - S-B-J,udio,sample_02379,Electronic,train
Breeze Funk - Malaventura,acestep,sample_00327,Pop,train
Breeze Funk - Malaventura,audioldm,sample_00713,Pop,train
Breeze Funk - Malaventura,brev,sample_00982,Pop,train
Breeze Funk - Malaventura,diffrhythm,sample_01297,Pop,train
Breeze Funk - Malaventura,elevenlabs,sample_02883,Pop,train
Breeze Funk - Malaventura,mubert,sample_01538,Pop,train
Breeze Funk - Malaventura,musicgen,sample_03196,Pop,train
Breeze Funk - Malaventura,producer,sample_01679,Pop,train
Breeze Funk - Malaventura,songgen,sample_01897,Pop,train
Breeze Funk - Malaventura,stableaudio,sample_02719,Pop,train
Breeze Funk - Malaventura,suno,sample_02173,Pop,train
Breeze Funk - Malaventura,udio,sample_02473,Pop,train
Busby Berkeley - Ergo Phizmiz,acestep,sample_00329,Pop,train
Busby Berkeley - Ergo Phizmiz,audioldm,sample_00707,Pop,train
Busby Berkeley - Ergo Phizmiz,brev,sample_00984,Pop,train
Busby Berkeley - Ergo Phizmiz,diffrhythm,sample_01298,Pop,train
Busby Berkeley - Ergo Phizmiz,elevenlabs,sample_02885,Pop,train
Busby Berkeley - Ergo Phizmiz,mubert,sample_01555,Pop,train
Busby Berkeley - Ergo Phizmiz,musicgen,sample_03198,Pop,train
Busby Berkeley - Ergo Phizmiz,producer,sample_01680,Pop,train
Busby Berkeley - Ergo Phizmiz,songgen,sample_01898,Pop,train
Busby Berkeley - Ergo Phizmiz,stableaudio,sample_02720,Pop,train
Busby Berkeley - Ergo Phizmiz,suno,sample_02175,Pop,train
Busby Berkeley - Ergo Phizmiz,udio,sample_02475,Pop,train
Celia - Ergo Phizmiz,acestep,sample_00331,Pop,train
Celia - Ergo Phizmiz,audioldm,sample_00720,Pop,train
Celia - Ergo Phizmiz,brev,sample_00986,Pop,train
Celia - Ergo Phizmiz,diffrhythm,sample_01299,Pop,train
Celia - Ergo Phizmiz,elevenlabs,sample_02887,Pop,train
Celia - Ergo Phizmiz,mubert,sample_01556,Pop,train
Celia - Ergo Phizmiz,musicgen,sample_03200,Pop,train
Celia - Ergo Phizmiz,producer,sample_01681,Pop,train
Celia - Ergo Phizmiz,songgen,sample_01899,Pop,train
Celia - Ergo Phizmiz,stableaudio,sample_02721,Pop,train
Celia - Ergo Phizmiz,suno,sample_02177,Pop,train
Celia - Ergo Phizmiz,udio,sample_02477,Pop,train
Clay Heart - Nihilore,acestep,sample_00332,Electronic,train
Clay Heart - Nihilore,audioldm,sample_00661,Electronic,train
Clay Heart - Nihilore,brev,sample_00892,Electronic,train
Clay Heart - Nihilore,diffrhythm,sample_01195,Electronic,train
Clay Heart - Nihilore,elevenlabs,sample_02889,Electronic,train
Clay Heart - Nihilore,mubert,sample_01494,Electronic,train
Clay Heart - Nihilore,musicgen,sample_03201,Electronic,train
Clay Heart - Nihilore,producer,sample_01633,Electronic,train
Clay Heart - Nihilore,songgen,sample_01794,Electronic,train
Clay Heart - Nihilore,stableaudio,sample_02676,Electronic,train
Clay Heart - Nihilore,suno,sample_02081,Electronic,train
Clay Heart - Nihilore,udio,sample_02381,Electronic,train
Cold Chains - Rolemusic,acestep,sample_00334,Electronic,train
Cold Chains - Rolemusic,audioldm,sample_00642,Electronic,train
Cold Chains - Rolemusic,brev,sample_00894,Electronic,train
Cold Chains - Rolemusic,diffrhythm,sample_01197,Electronic,train
Cold Chains - Rolemusic,elevenlabs,sample_02891,Electronic,train
Cold Chains - Rolemusic,mubert,sample_01479,Electronic,train
Cold Chains - Rolemusic,musicgen,sample_03203,Electronic,train
Cold Chains - Rolemusic,producer,sample_01634,Electronic,train
Cold Chains - Rolemusic,songgen,sample_01796,Electronic,train
Cold Chains - Rolemusic,stableaudio,sample_02677,Electronic,train
Cold Chains - Rolemusic,suno,sample_02083,Electronic,train
Cold Chains - Rolemusic,udio,sample_02383,Electronic,train
Colossal Stillness - Scott Holmes,acestep,sample_00336,Rock,train
Colossal Stillness - Scott Holmes,audioldm,sample_00811,Rock,train
Colossal Stillness - Scott Holmes,brev,sample_01086,Rock,train
Colossal Stillness - Scott Holmes,diffrhythm,sample_01387,Rock,train
Colossal Stillness - Scott Holmes,elevenlabs,sample_02895,Rock,train
Colossal Stillness - Scott Holmes,mubert,sample_01578,Rock,train
Colossal Stillness - Scott Holmes,musicgen,sample_03205,Rock,train
Colossal Stillness - Scott Holmes,producer,sample_01732,Rock,train
Colossal Stillness - Scott Holmes,songgen,sample_01979,Rock,train
Colossal Stillness - Scott Holmes,stableaudio,sample_02792,Rock,train
Colossal Stillness - Scott Holmes,suno,sample_02277,Rock,train
Colossal Stillness - Scott Holmes,udio,sample_02577,Rock,train
Convicted Jazz Drones - Malaventura,acestep,sample_00337,Pop,train
Convicted Jazz Drones - Malaventura,audioldm,sample_00711,Pop,train
Convicted Jazz Drones - Malaventura,brev,sample_00988,Pop,train
Convicted Jazz Drones - Malaventura,diffrhythm,sample_01300,Pop,train
Convicted Jazz Drones - Malaventura,elevenlabs,sample_02897,Pop,train
Convicted Jazz Drones - Malaventura,mubert,sample_01551,Pop,train
Convicted Jazz Drones - Malaventura,musicgen,sample_03206,Pop,train
Convicted Jazz Drones - Malaventura,producer,sample_01682,Pop,train
Convicted Jazz Drones - Malaventura,songgen,sample_01900,Pop,train
Convicted Jazz Drones - Malaventura,stableaudio,sample_02722,Pop,train
Convicted Jazz Drones - Malaventura,suno,sample_02179,Pop,train
Convicted Jazz Drones - Malaventura,udio,sample_02479,Pop,train
CopperNickle - UncleBibby,acestep,sample_00338,Electronic,val
CopperNickle - UncleBibby,audioldm,sample_00639,Electronic,val
CopperNickle - UncleBibby,brev,sample_00898,Electronic,val
CopperNickle - UncleBibby,diffrhythm,sample_01199,Electronic,val
CopperNickle - UncleBibby,elevenlabs,sample_02899,Electronic,val
CopperNickle - UncleBibby,mubert,sample_01512,Electronic,val
CopperNickle - UncleBibby,musicgen,sample_03207,Electronic,val
CopperNickle - UncleBibby,producer,sample_01636,Electronic,val
CopperNickle - UncleBibby,songgen,sample_01798,Electronic,val
CopperNickle - UncleBibby,stableaudio,sample_02678,Electronic,val
CopperNickle - UncleBibby,suno,sample_02087,Electronic,val
CopperNickle - UncleBibby,udio,sample_02387,Electronic,val
Crossing - Los Llamarada,acestep,sample_00339,Rock,train
Crossing - Los Llamarada,audioldm,sample_00796,Rock,train
Crossing - Los Llamarada,brev,sample_01088,Rock,train
Crossing - Los Llamarada,diffrhythm,sample_01388,Rock,train
Crossing - Los Llamarada,elevenlabs,sample_02901,Rock,train
Crossing - Los Llamarada,mubert,sample_01619,Rock,train
Crossing - Los Llamarada,musicgen,sample_03208,Rock,train
Crossing - Los Llamarada,producer,sample_01733,Rock,train
Crossing - Los Llamarada,songgen,sample_01980,Rock,train
Crossing - Los Llamarada,stableaudio,sample_02796,Rock,train
Crossing - Los Llamarada,suno,sample_02279,Rock,train
Crossing - Los Llamarada,udio,sample_02579,Rock,train
Dance Harder - Three Chain Links,acestep,sample_00340,Electronic,test
Dance Harder - Three Chain Links,audioldm,sample_00637,Electronic,test
Dance Harder - Three Chain Links,brev,sample_00900,Electronic,test
Dance Harder - Three Chain Links,diffrhythm,sample_01200,Electronic,test
Dance Harder - Three Chain Links,elevenlabs,sample_02903,Electronic,test
Dance Harder - Three Chain Links,mubert,sample_01495,Electronic,test
Dance Harder - Three Chain Links,musicgen,sample_03209,Electronic,test
Dance Harder - Three Chain Links,producer,sample_01637,Electronic,test
Dance Harder - Three Chain Links,songgen,sample_01799,Electronic,test
Dance Harder - Three Chain Links,stableaudio,sample_02679,Electronic,test
Dance Harder - Three Chain Links,suno,sample_02089,Electronic,test
Dance Harder - Three Chain Links,udio,sample_02389,Electronic,test
Digital Lightning - Cloudkicker,acestep,sample_00346,Rock,train
Digital Lightning - Cloudkicker,audioldm,sample_00786,Rock,train
Digital Lightning - Cloudkicker,brev,sample_01090,Rock,train
Digital Lightning - Cloudkicker,diffrhythm,sample_01390,Rock,train
Digital Lightning - Cloudkicker,elevenlabs,sample_02909,Rock,train
Digital Lightning - Cloudkicker,mubert,sample_01611,Rock,train
Digital Lightning - Cloudkicker,musicgen,sample_03215,Rock,train
Digital Lightning - Cloudkicker,producer,sample_01734,Rock,train
Digital Lightning - Cloudkicker,songgen,sample_01982,Rock,train
Digital Lightning - Cloudkicker,stableaudio,sample_02798,Rock,train
Digital Lightning - Cloudkicker,suno,sample_02281,Rock,train
Digital Lightning - Cloudkicker,udio,sample_02581,Rock,train
Empower Thee - vargero,acestep,sample_00354,Electronic,train
Empower Thee - vargero,audioldm,sample_00635,Electronic,train
Empower Thee - vargero,brev,sample_00904,Electronic,train
Empower Thee - vargero,diffrhythm,sample_01206,Electronic,train
Empower Thee - vargero,elevenlabs,sample_02913,Electronic,train
Empower Thee - vargero,mubert,sample_01527,Electronic,train
Empower Thee - vargero,musicgen,sample_03223,Electronic,train
Empower Thee - vargero,producer,sample_01640,Electronic,train
Empower Thee - vargero,songgen,sample_01805,Electronic,train
Empower Thee - vargero,stableaudio,sample_02681,Electronic,train
Empower Thee - vargero,suno,sample_02095,Electronic,train
Empower Thee - vargero,udio,sample_02395,Electronic,train
Empty Pockets - Pete Prodoehl,acestep,sample_00355,Rock,val
Empty Pockets - Pete Prodoehl,audioldm,sample_00768,Rock,val
Empty Pockets - Pete Prodoehl,brev,sample_01092,Rock,val
Empty Pockets - Pete Prodoehl,diffrhythm,sample_01394,Rock,val
Empty Pockets - Pete Prodoehl,elevenlabs,sample_02915,Rock,val
Empty Pockets - Pete Prodoehl,mubert,sample_01610,Rock,val
Empty Pockets - Pete Prodoehl,musicgen,sample_03224,Rock,val
Empty Pockets - Pete Prodoehl,producer,sample_01735,Rock,val
Empty Pockets - Pete Prodoehl,songgen,sample_01986,Rock,val
Empty Pockets - Pete Prodoehl,stableaudio,sample_02801,Rock,val
Empty Pockets - Pete Prodoehl,suno,sample_02283,Rock,val
Empty Pockets - Pete Prodoehl,udio,sample_02583,Rock,val
Endless - The Birth and Death of Silence,acestep,sample_00356,Electronic,train
Endless - The Birth and Death of Silence,audioldm,sample_00593,Electronic,train
Endless - The Birth and Death of Silence,brev,sample_00906,Electronic,train
Endless - The Birth and Death of Silence,diffrhythm,sample_01207,Electronic,train
Endless - The Birth and Death of Silence,elevenlabs,sample_02917,Electronic,train
Endless - The Birth and Death of Silence,mubert,sample_01519,Electronic,train
Endless - The Birth and Death of Silence,musicgen,sample_03225,Electronic,train
Endless - The Birth and Death of Silence,producer,sample_01641,Electronic,train
Endless - The Birth and Death of Silence,songgen,sample_01806,Electronic,train
Endless - The Birth and Death of Silence,stableaudio,sample_02682,Electronic,train
Endless - The Birth and Death of Silence,suno,sample_02097,Electronic,train
Endless - The Birth and Death of Silence,udio,sample_02397,Electronic,train
Evil Cannot Create - Caleb Lemond,acestep,sample_00361,Pop,val
Evil Cannot Create - Caleb Lemond,audioldm,sample_00728,Pop,val
Evil Cannot Create - Caleb Lemond,brev,sample_00994,Pop,val
Evil Cannot Create - Caleb Lemond,diffrhythm,sample_01304,Pop,val
Evil Cannot Create - Caleb Lemond,elevenlabs,sample_02919,Pop,val
Evil Cannot Create - Caleb Lemond,mubert,sample_01543,Pop,val
Evil Cannot Create - Caleb Lemond,musicgen,sample_03230,Pop,val
Evil Cannot Create - Caleb Lemond,producer,sample_01685,Pop,val
Evil Cannot Create - Caleb Lemond,songgen,sample_01904,Pop,val
Evil Cannot Create - Caleb Lemond,stableaudio,sample_02725,Pop,val
Evil Cannot Create - Caleb Lemond,suno,sample_02185,Pop,val
Evil Cannot Create - Caleb Lemond,udio,sample_02485,Pop,val
Food and War - Ergo Phizmiz,acestep,sample_00370,Pop,train
Food and War - Ergo Phizmiz,audioldm,sample_00733,Pop,train
Food and War - Ergo Phizmiz,brev,sample_00998,Pop,train
Food and War - Ergo Phizmiz,diffrhythm,sample_01306,Pop,train
Food and War - Ergo Phizmiz,elevenlabs,sample_02925,Pop,train
Food and War - Ergo Phizmiz,mubert,sample_01557,Pop,train
Food and War - Ergo Phizmiz,musicgen,sample_03239,Pop,train
Food and War - Ergo Phizmiz,producer,sample_01687,Pop,train
Food and War - Ergo Phizmiz,songgen,sample_01906,Pop,train
Food and War - Ergo Phizmiz,stableaudio,sample_02727,Pop,train
Food and War - Ergo Phizmiz,suno,sample_02189,Pop,train
Food and War - Ergo Phizmiz,udio,sample_02489,Pop,train
Forest Silence - Serpentarivm,acestep,sample_00371,Rock,train
Forest Silence - Serpentarivm,audioldm,sample_00784,Rock,train
Forest Silence - Serpentarivm,brev,sample_01094,Rock,train
Forest Silence - Serpentarivm,diffrhythm,sample_01399,Rock,train
Forest Silence - Serpentarivm,elevenlabs,sample_02927,Rock,train
Forest Silence - Serpentarivm,mubert,sample_01585,Rock,train
Forest Silence - Serpentarivm,musicgen,sample_03240,Rock,train
Forest Silence - Serpentarivm,producer,sample_01736,Rock,train
Forest Silence - Serpentarivm,songgen,sample_01991,Rock,train
Forest Silence - Serpentarivm,stableaudio,sample_02804,Rock,train
Forest Silence - Serpentarivm,suno,sample_02285,Rock,train
Forest Silence - Serpentarivm,udio,sample_02585,Rock,train
Formic Acid for Blood - Punk Rock Opera,acestep,sample_00372,Rock,train
Formic Acid for Blood - Punk Rock Opera,audioldm,sample_00815,Rock,train
Formic Acid for Blood - Punk Rock Opera,brev,sample_01096,Rock,train
Formic Acid for Blood - Punk Rock Opera,diffrhythm,sample_01400,Rock,train
Formic Acid for Blood - Punk Rock Opera,elevenlabs,sample_02929,Rock,train
Formic Acid for Blood - Punk Rock Opera,mubert,sample_01598,Rock,train
Formic Acid for Blood - Punk Rock Opera,musicgen,sample_03241,Rock,train
Formic Acid for Blood - Punk Rock Opera,producer,sample_01737,Rock,train
Formic Acid for Blood - Punk Rock Opera,songgen,sample_01992,Rock,train
Formic Acid for Blood - Punk Rock Opera,stableaudio,sample_02805,Rock,train
Formic Acid for Blood - Punk Rock Opera,suno,sample_02287,Rock,train
Formic Acid for Blood - Punk Rock Opera,udio,sample_02587,Rock,train
Fuckaboing - RoccoW,acestep,sample_00375,Electronic,test
Fuckaboing - RoccoW,audioldm,sample_00611,Electronic,test
Fuckaboing - RoccoW,brev,sample_00910,Electronic,test
Fuckaboing - RoccoW,diffrhythm,sample_01216,Electronic,test
Fuckaboing - RoccoW,elevenlabs,sample_02931,Electronic,test
Fuckaboing - RoccoW,mubert,sample_01484,Electronic,test
Fuckaboing - RoccoW,musicgen,sample_03244,Electronic,test
Fuckaboing - RoccoW,producer,sample_01643,Electronic,test
Fuckaboing - RoccoW,songgen,sample_01815,Electronic,test
Fuckaboing - RoccoW,stableaudio,sample_02683,Electronic,test
Fuckaboing - RoccoW,suno,sample_02101,Electronic,test
Fuckaboing - RoccoW,udio,sample_02401,Electronic,test
Gila Monster Flop/Music History Lesson:The Sonics - The Crypts!,acestep,sample_00376,Rock,val
Gila Monster Flop/Music History Lesson:The Sonics - The Crypts!,audioldm,sample_00773,Rock,val
Gila Monster Flop/Music History Lesson:The Sonics - The Crypts!,brev,sample_01098,Rock,val
Gila Monster Flop/Music History Lesson:The Sonics - The Crypts!,diffrhythm,sample_01402,Rock,val
Gila Monster Flop/Music History Lesson:The Sonics - The Crypts!,elevenlabs,sample_02933,Rock,val
Gila Monster Flop/Music History Lesson:The Sonics - The Crypts!,mubert,sample_01593,Rock,val
Gila Monster Flop/Music History Lesson:The Sonics - The Crypts!,musicgen,sample_03245,Rock,val
Gila Monster Flop/Music History Lesson:The Sonics - The Crypts!,producer,sample_01738,Rock,val
Gila Monster Flop/Music History Lesson:The Sonics - The Crypts!,songgen,sample_01994,Rock,val
Gila Monster Flop/Music History Lesson:The Sonics - The Crypts!,stableaudio,sample_02806,Rock,val
Gila Monster Flop/Music History Lesson:The Sonics - The Crypts!,suno,sample_02289,Rock,val
Gila Monster Flop/Music History Lesson:The Sonics - The Crypts!,udio,sample_02589,Rock,val
"Go On, Then - Jim Rooster",acestep,sample_00379,Electronic,train
"Go On, Then - Jim Rooster",audioldm,sample_00655,Electronic,train
"Go On, Then - Jim Rooster",brev,sample_00912,Electronic,train
"Go On, Then - Jim Rooster",diffrhythm,sample_01217,Electronic,train
"Go On, Then - Jim Rooster",elevenlabs,sample_02935,Electronic,train
"Go On, Then - Jim Rooster",mubert,sample_01498,Electronic,train
"Go On, Then - Jim Rooster",musicgen,sample_03248,Electronic,train
"Go On, Then - Jim Rooster",producer,sample_01644,Electronic,train
"Go On, Then - Jim Rooster",songgen,sample_01816,Electronic,train
"Go On, Then - Jim Rooster",stableaudio,sample_02684,Electronic,train
"Go On, Then - Jim Rooster",suno,sample_02103,Electronic,train
"Go On, Then - Jim Rooster",udio,sample_02403,Electronic,train
Hammer and a Nail - Vienna Ditto,acestep,sample_00382,Electronic,train
Hammer and a Nail - Vienna Ditto,audioldm,sample_00592,Electronic,train
Hammer and a Nail - Vienna Ditto,brev,sample_00914,Electronic,train
Hammer and a Nail - Vienna Ditto,diffrhythm,sample_01218,Electronic,train
Hammer and a Nail - Vienna Ditto,elevenlabs,sample_02937,Electronic,train
Hammer and a Nail - Vienna Ditto,mubert,sample_01502,Electronic,train
Hammer and a Nail - Vienna Ditto,musicgen,sample_03251,Electronic,train
Hammer and a Nail - Vienna Ditto,producer,sample_01645,Electronic,train
Hammer and a Nail - Vienna Ditto,songgen,sample_01817,Electronic,train
Hammer and a Nail - Vienna Ditto,stableaudio,sample_02685,Electronic,train
Hammer and a Nail - Vienna Ditto,suno,sample_02105,Electronic,train
Hammer and a Nail - Vienna Ditto,udio,sample_02405,Electronic,train
"Head of Ancante, Talking Tree - Ak'chamel, The Giver of Illness",acestep,sample_00384,Rock,test
"Head of Ancante, Talking Tree - Ak'chamel, The Giver of Illness",audioldm,sample_00794,Rock,test
"Head of Ancante, Talking Tree - Ak'chamel, The Giver of Illness",brev,sample_01100,Rock,test
"Head of Ancante, Talking Tree - Ak'chamel, The Giver of Illness",diffrhythm,sample_01407,Rock,test
"Head of Ancante, Talking Tree - Ak'chamel, The Giver of Illness",elevenlabs,sample_02939,Rock,test
"Head of Ancante, Talking Tree - Ak'chamel, The Giver of Illness",mubert,sample_01623,Rock,test
"Head of Ancante, Talking Tree - Ak'chamel, The Giver of Illness",musicgen,sample_03253,Rock,test
"Head of Ancante, Talking Tree - Ak'chamel, The Giver of Illness",producer,sample_01739,Rock,test
"Head of Ancante, Talking Tree - Ak'chamel, The Giver of Illness",songgen,sample_01999,Rock,test
"Head of Ancante, Talking Tree - Ak'chamel, The Giver of Illness",stableaudio,sample_02808,Rock,test
"Head of Ancante, Talking Tree - Ak'chamel, The Giver of Illness",suno,sample_02291,Rock,test
"Head of Ancante, Talking Tree - Ak'chamel, The Giver of Illness",udio,sample_02591,Rock,test
I - Nocturnal Mayhem,acestep,sample_00401,Rock,train
I - Nocturnal Mayhem,audioldm,sample_00782,Rock,train
I - Nocturnal Mayhem,brev,sample_01128,Rock,train
I - Nocturnal Mayhem,diffrhythm,sample_01417,Rock,train
I - Nocturnal Mayhem,elevenlabs,sample_02949,Rock,train
I - Nocturnal Mayhem,mubert,sample_01583,Rock,train
I - Nocturnal Mayhem,musicgen,sample_03270,Rock,train
I - Nocturnal Mayhem,producer,sample_01753,Rock,train
I - Nocturnal Mayhem,songgen,sample_02009,Rock,train
I - Nocturnal Mayhem,stableaudio,sample_02816,Rock,train
I - Nocturnal Mayhem,suno,sample_02319,Rock,train
I - Nocturnal Mayhem,udio,sample_02619,Rock,train
I Dream So Vividly - Uninhabitable Mansions,acestep,sample_00396,Rock,train
I Dream So Vividly - Uninhabitable Mansions,audioldm,sample_00795,Rock,train
I Dream So Vividly - Uninhabitable Mansions,brev,sample_01102,Rock,train
I Dream So Vividly - Uninhabitable Mansions,diffrhythm,sample_01414,Rock,train
I Dream So Vividly - Uninhabitable Mansions,elevenlabs,sample_02943,Rock,train
I Dream So Vividly - Uninhabitable Mansions,mubert,sample_01606,Rock,train
I Dream So Vividly - Uninhabitable Mansions,musicgen,sample_03265,Rock,train
I Dream So Vividly - Uninhabitable Mansions,producer,sample_01740,Rock,train
I Dream So Vividly - Uninhabitable Mansions,songgen,sample_02006,Rock,train
I Dream So Vividly - Uninhabitable Mansions,stableaudio,sample_02815,Rock,train
I Dream So Vividly - Uninhabitable Mansions,suno,sample_02293,Rock,train
I Dream So Vividly - Uninhabitable Mansions,udio,sample_02593,Rock,train
I Think From Now On - Caleb Lemond,acestep,sample_00402,Pop,train
I Think From Now On - Caleb Lemond,audioldm,sample_00739,Pop,train
I Think From Now On - Caleb Lemond,brev,sample_01004,Pop,train
I Think From Now On - Caleb Lemond,diffrhythm,sample_01310,Pop,train
I Think From Now On - Caleb Lemond,elevenlabs,sample_02951,Pop,train
I Think From Now On - Caleb Lemond,mubert,sample_01544,Pop,train
I Think From Now On - Caleb Lemond,musicgen,sample_03271,Pop,train
I Think From Now On - Caleb Lemond,producer,sample_01690,Pop,train
I Think From Now On - Caleb Lemond,songgen,sample_01910,Pop,train
I Think From Now On - Caleb Lemond,stableaudio,sample_02731,Pop,train
I Think From Now On - Caleb Lemond,suno,sample_02195,Pop,train
I Think From Now On - Caleb Lemond,udio,sample_02495,Pop,train
Improvisation - Broken Chord,acestep,sample_00388,Electronic,train
Improvisation - Broken Chord,audioldm,sample_00616,Electronic,train
Improvisation - Broken Chord,brev,sample_00916,Electronic,train
Improvisation - Broken Chord,diffrhythm,sample_01220,Electronic,train
Improvisation - Broken Chord,elevenlabs,sample_02953,Electronic,train
Improvisation - Broken Chord,mubert,sample_01506,Electronic,train
Improvisation - Broken Chord,musicgen,sample_03257,Electronic,train
Improvisation - Broken Chord,producer,sample_01646,Electronic,train
Improvisation - Broken Chord,songgen,sample_01819,Electronic,train
Improvisation - Broken Chord,stableaudio,sample_02686,Electronic,train
Improvisation - Broken Chord,suno,sample_02107,Electronic,train
Improvisation - Broken Chord,udio,sample_02407,Electronic,train
Infinite Light - Pipe Choir,acestep,sample_00389,Rock,train
Infinite Light - Pipe Choir,audioldm,sample_00801,Rock,train
Infinite Light - Pipe Choir,brev,sample_01106,Rock,train
Infinite Light - Pipe Choir,diffrhythm,sample_01410,Rock,train
Infinite Light - Pipe Choir,elevenlabs,sample_02955,Rock,train
Infinite Light - Pipe Choir,mubert,sample_01580,Rock,train
Infinite Light - Pipe Choir,musicgen,sample_03258,Rock,train
Infinite Light - Pipe Choir,producer,sample_01742,Rock,train
Infinite Light - Pipe Choir,songgen,sample_02002,Rock,train
Infinite Light - Pipe Choir,stableaudio,sample_02811,Rock,train
Infinite Light - Pipe Choir,suno,sample_02297,Rock,train
Infinite Light - Pipe Choir,udio,sample_02597,Rock,train
Introduction beats - Itsensäsyöjät,acestep,sample_00391,Electronic,train
Introduction beats - Itsensäsyöjät,audioldm,sample_00648,Electronic,train
Introduction beats - Itsensäsyöjät,brev,sample_00918,Electronic,train
Introduction beats - Itsensäsyöjät,diffrhythm,sample_01221,Electronic,train
Introduction beats - Itsensäsyöjät,elevenlabs,sample_02957,Electronic,train
Introduction beats - Itsensäsyöjät,mubert,sample_01518,Electronic,train
Introduction beats - Itsensäsyöjät,musicgen,sample_03260,Electronic,train
Introduction beats - Itsensäsyöjät,producer,sample_01647,Electronic,train
Introduction beats - Itsensäsyöjät,songgen,sample_01820,Electronic,train
Introduction beats - Itsensäsyöjät,stableaudio,sample_02687,Electronic,train
Introduction beats - Itsensäsyöjät,suno,sample_02109,Electronic,train
Introduction beats - Itsensäsyöjät,udio,sample_02409,Electronic,train
Invaders From Within - Monroeville Music Center,acestep,sample_00392,Pop,train
Invaders From Within - Monroeville Music Center,audioldm,sample_00703,Pop,train
Invaders From Within - Monroeville Music Center,brev,sample_01006,Pop,train
Invaders From Within - Monroeville Music Center,diffrhythm,sample_01309,Pop,train
Invaders From Within - Monroeville Music Center,elevenlabs,sample_02959,Pop,train
Invaders From Within - Monroeville Music Center,mubert,sample_01573,Pop,train
Invaders From Within - Monroeville Music Center,musicgen,sample_03261,Pop,train
Invaders From Within - Monroeville Music Center,producer,sample_01691,Pop,train
Invaders From Within - Monroeville Music Center,songgen,sample_01909,Pop,train
Invaders From Within - Monroeville Music Center,stableaudio,sample_02730,Pop,train
Invaders From Within - Monroeville Music Center,suno,sample_02197,Pop,train
Invaders From Within - Monroeville Music Center,udio,sample_02497,Pop,train
Jangus (inspired by ToeJam and Earl) - UncleBibby,acestep,sample_00403,Electronic,train
Jangus (inspired by ToeJam and Earl) - UncleBibby,audioldm,sample_00656,Electronic,train
Jangus (inspired by ToeJam and Earl) - UncleBibby,brev,sample_00920,Electronic,train
Jangus (inspired by ToeJam and Earl) - UncleBibby,diffrhythm,sample_01224,Electronic,train
Jangus (inspired by ToeJam and Earl) - UncleBibby,elevenlabs,sample_02961,Electronic,train
Jangus (inspired by ToeJam and Earl) - UncleBibby,mubert,sample_01487,Electronic,train
Jangus (inspired by ToeJam and Earl) - UncleBibby,musicgen,sample_03272,Electronic,train
Jangus (inspired by ToeJam and Earl) - UncleBibby,producer,sample_01648,Electronic,train
Jangus (inspired by ToeJam and Earl) - UncleBibby,songgen,sample_01823,Electronic,train
Jangus (inspired by ToeJam and Earl) - UncleBibby,stableaudio,sample_02688,Electronic,train
Jangus (inspired by ToeJam and Earl) - UncleBibby,suno,sample_02111,Electronic,train
Jangus (inspired by ToeJam and Earl) - UncleBibby,udio,sample_02411,Electronic,train
John the Baby - Ergo Phizmiz,acestep,sample_00405,Pop,train
John the Baby - Ergo Phizmiz,audioldm,sample_00718,Pop,train
John the Baby - Ergo Phizmiz,brev,sample_01008,Pop,train
John the Baby - Ergo Phizmiz,diffrhythm,sample_01311,Pop,train
John the Baby - Ergo Phizmiz,elevenlabs,sample_02963,Pop,train
John the Baby - Ergo Phizmiz,mubert,sample_01558,Pop,train
John the Baby - Ergo Phizmiz,musicgen,sample_03274,Pop,train
John the Baby - Ergo Phizmiz,producer,sample_01692,Pop,train
John the Baby - Ergo Phizmiz,songgen,sample_01911,Pop,train
John the Baby - Ergo Phizmiz,stableaudio,sample_02732,Pop,train
John the Baby - Ergo Phizmiz,suno,sample_02199,Pop,train
John the Baby - Ergo Phizmiz,udio,sample_02499,Pop,train
KOMFORT - voyageurs,acestep,sample_00412,Rock,train
KOMFORT - voyageurs,audioldm,sample_00779,Rock,train
KOMFORT - voyageurs,brev,sample_01112,Rock,train
KOMFORT - voyageurs,diffrhythm,sample_01420,Rock,train
KOMFORT - voyageurs,elevenlabs,sample_02967,Rock,train
KOMFORT - voyageurs,mubert,sample_01627,Rock,train
KOMFORT - voyageurs,musicgen,sample_03281,Rock,train
KOMFORT - voyageurs,producer,sample_01745,Rock,train
KOMFORT - voyageurs,songgen,sample_02012,Rock,train
KOMFORT - voyageurs,stableaudio,sample_02818,Rock,train
KOMFORT - voyageurs,suno,sample_02303,Rock,train
KOMFORT - voyageurs,udio,sample_02603,Rock,train
Kissing Scars - Caleb Lemond,acestep,sample_00409,Pop,train
Kissing Scars - Caleb Lemond,audioldm,sample_00725,Pop,train
Kissing Scars - Caleb Lemond,brev,sample_01010,Pop,train
Kissing Scars - Caleb Lemond,diffrhythm,sample_01313,Pop,train
Kissing Scars - Caleb Lemond,elevenlabs,sample_02969,Pop,train
Kissing Scars - Caleb Lemond,mubert,sample_01541,Pop,train
Kissing Scars - Caleb Lemond,musicgen,sample_03278,Pop,train
Kissing Scars - Caleb Lemond,producer,sample_01693,Pop,train
Kissing Scars - Caleb Lemond,songgen,sample_01913,Pop,train
Kissing Scars - Caleb Lemond,stableaudio,sample_02734,Pop,train
Kissing Scars - Caleb Lemond,suno,sample_02201,Pop,train
Kissing Scars - Caleb Lemond,udio,sample_02501,Pop,train
LIQUID SKULLS - voyageurs,acestep,sample_00426,Rock,test
LIQUID SKULLS - voyageurs,audioldm,sample_00798,Rock,test
LIQUID SKULLS - voyageurs,brev,sample_01114,Rock,test
LIQUID SKULLS - voyageurs,diffrhythm,sample_01426,Rock,test
LIQUID SKULLS - voyageurs,elevenlabs,sample_02971,Rock,test
LIQUID SKULLS - voyageurs,mubert,sample_01626,Rock,test
LIQUID SKULLS - voyageurs,musicgen,sample_03295,Rock,test
LIQUID SKULLS - voyageurs,producer,sample_01746,Rock,test
LIQUID SKULLS - voyageurs,songgen,sample_02018,Rock,test
LIQUID SKULLS - voyageurs,stableaudio,sample_02822,Rock,test
LIQUID SKULLS - voyageurs,suno,sample_02305,Rock,test
LIQUID SKULLS - voyageurs,udio,sample_02605,Rock,test
Lost Paradise - Autumn Interlude,acestep,sample_00429,Rock,train
Lost Paradise - Autumn Interlude,audioldm,sample_00772,Rock,train
Lost Paradise - Autumn Interlude,brev,sample_01116,Rock,train
Lost Paradise - Autumn Interlude,diffrhythm,sample_01427,Rock,train
Lost Paradise - Autumn Interlude,elevenlabs,sample_02975,Rock,train
Lost Paradise - Autumn Interlude,mubert,sample_01579,Rock,train
Lost Paradise - Autumn Interlude,musicgen,sample_03298,Rock,train
Lost Paradise - Autumn Interlude,producer,sample_01747,Rock,train
Lost Paradise - Autumn Interlude,songgen,sample_02019,Rock,train
Lost Paradise - Autumn Interlude,stableaudio,sample_02823,Rock,train
Lost Paradise - Autumn Interlude,suno,sample_02307,Rock,train
Lost Paradise - Autumn Interlude,udio,sample_02607,Rock,train
Love Dream - The Zombie Dandies,acestep,sample_00432,Rock,test
Love Dream - The Zombie Dandies,audioldm,sample_00787,Rock,test
Love Dream - The Zombie Dandies,brev,sample_01118,Rock,test
Love Dream - The Zombie Dandies,diffrhythm,sample_01428,Rock,test
Love Dream - The Zombie Dandies,elevenlabs,sample_02977,Rock,test
Love Dream - The Zombie Dandies,mubert,sample_01614,Rock,test
Love Dream - The Zombie Dandies,musicgen,sample_03301,Rock,test
Love Dream - The Zombie Dandies,producer,sample_01748,Rock,test
Love Dream - The Zombie Dandies,songgen,sample_02020,Rock,test
Love Dream - The Zombie Dandies,stableaudio,sample_02824,Rock,test
Love Dream - The Zombie Dandies,suno,sample_02309,Rock,test
Love Dream - The Zombie Dandies,udio,sample_02609,Rock,test
Mandrill - Ergo Phizmiz,acestep,sample_00434,Pop,train
Mandrill - Ergo Phizmiz,audioldm,sample_00727,Pop,train
Mandrill - Ergo Phizmiz,brev,sample_01018,Pop,train
Mandrill - Ergo Phizmiz,diffrhythm,sample_01319,Pop,train
Mandrill - Ergo Phizmiz,elevenlabs,sample_02981,Pop,train
Mandrill - Ergo Phizmiz,mubert,sample_01554,Pop,train
Mandrill - Ergo Phizmiz,musicgen,sample_03303,Pop,train
Mandrill - Ergo Phizmiz,producer,sample_01697,Pop,train
Mandrill - Ergo Phizmiz,songgen,sample_01918,Pop,train
Mandrill - Ergo Phizmiz,stableaudio,sample_02738,Pop,train
Mandrill - Ergo Phizmiz,suno,sample_02209,Pop,train
Mandrill - Ergo Phizmiz,udio,sample_02509,Pop,train
March of the GPA Mechanics - [t]ghost,acestep,sample_00435,Rock,val
March of the GPA Mechanics - [t]ghost,audioldm,sample_00807,Rock,val
March of the GPA Mechanics - [t]ghost,brev,sample_01120,Rock,val
March of the GPA Mechanics - [t]ghost,diffrhythm,sample_01429,Rock,val
March of the GPA Mechanics - [t]ghost,elevenlabs,sample_02983,Rock,val
March of the GPA Mechanics - [t]ghost,mubert,sample_01607,Rock,val
March of the GPA Mechanics - [t]ghost,musicgen,sample_03304,Rock,val
March of the GPA Mechanics - [t]ghost,producer,sample_01749,Rock,val
March of the GPA Mechanics - [t]ghost,songgen,sample_02021,Rock,val
March of the GPA Mechanics - [t]ghost,stableaudio,sample_02825,Rock,val
March of the GPA Mechanics - [t]ghost,suno,sample_02311,Rock,val
March of the GPA Mechanics - [t]ghost,udio,sample_02611,Rock,val
Mettle - Pipe Choir,acestep,sample_00437,Rock,train
Mettle - Pipe Choir,audioldm,sample_00791,Rock,train
Mettle - Pipe Choir,brev,sample_01122,Rock,train
Mettle - Pipe Choir,diffrhythm,sample_01430,Rock,train
Mettle - Pipe Choir,elevenlabs,sample_02985,Rock,train
Mettle - Pipe Choir,mubert,sample_01621,Rock,train
Mettle - Pipe Choir,musicgen,sample_03306,Rock,train
Mettle - Pipe Choir,producer,sample_01750,Rock,train
Mettle - Pipe Choir,songgen,sample_02022,Rock,train
Mettle - Pipe Choir,stableaudio,sample_02826,Rock,train
Mettle - Pipe Choir,suno,sample_02313,Rock,train
Mettle - Pipe Choir,udio,sample_02613,Rock,train
Millitary Industrial Complex - Punk Rock Opera,acestep,sample_00438,Rock,train
Millitary Industrial Complex - Punk Rock Opera,audioldm,sample_00799,Rock,train
Millitary Industrial Complex - Punk Rock Opera,brev,sample_01124,Rock,train
Millitary Industrial Complex - Punk Rock Opera,diffrhythm,sample_01431,Rock,train
Millitary Industrial Complex - Punk Rock Opera,elevenlabs,sample_02987,Rock,train
Millitary Industrial Complex - Punk Rock Opera,mubert,sample_01599,Rock,train
Millitary Industrial Complex - Punk Rock Opera,musicgen,sample_03307,Rock,train
Millitary Industrial Complex - Punk Rock Opera,producer,sample_01751,Rock,train
Millitary Industrial Complex - Punk Rock Opera,songgen,sample_02023,Rock,train
Millitary Industrial Complex - Punk Rock Opera,stableaudio,sample_02827,Rock,train
Millitary Industrial Complex - Punk Rock Opera,suno,sample_02315,Rock,train
Millitary Industrial Complex - Punk Rock Opera,udio,sample_02615,Rock,train
Monkeystage - Ergo Phizmiz,acestep,sample_00440,Pop,train
Monkeystage - Ergo Phizmiz,audioldm,sample_00721,Pop,train
Monkeystage - Ergo Phizmiz,brev,sample_01022,Pop,train
Monkeystage - Ergo Phizmiz,diffrhythm,sample_01321,Pop,train
Monkeystage - Ergo Phizmiz,elevenlabs,sample_02989,Pop,train
Monkeystage - Ergo Phizmiz,mubert,sample_01560,Pop,train
Monkeystage - Ergo Phizmiz,musicgen,sample_03309,Pop,train
Monkeystage - Ergo Phizmiz,producer,sample_01699,Pop,train
Monkeystage - Ergo Phizmiz,songgen,sample_01920,Pop,train
Monkeystage - Ergo Phizmiz,stableaudio,sample_02740,Pop,train
Monkeystage - Ergo Phizmiz,suno,sample_02213,Pop,train
Monkeystage - Ergo Phizmiz,udio,sample_02513,Pop,train
Motocross Mania - Monroeville Music Center,acestep,sample_00444,Pop,test
Motocross Mania - Monroeville Music Center,audioldm,sample_00715,Pop,test
Motocross Mania - Monroeville Music Center,brev,sample_01024,Pop,test
Motocross Mania - Monroeville Music Center,diffrhythm,sample_01322,Pop,test
Motocross Mania - Monroeville Music Center,elevenlabs,sample_02991,Pop,test
Motocross Mania - Monroeville Music Center,mubert,sample_01535,Pop,test
Motocross Mania - Monroeville Music Center,musicgen,sample_03313,Pop,test
Motocross Mania - Monroeville Music Center,producer,sample_01700,Pop,test
Motocross Mania - Monroeville Music Center,songgen,sample_01921,Pop,test
Motocross Mania - Monroeville Music Center,stableaudio,sample_02741,Pop,test
Motocross Mania - Monroeville Music Center,suno,sample_02215,Pop,test
Motocross Mania - Monroeville Music Center,udio,sample_02515,Pop,test
Music For an Underground Circu - Ergo Phizmiz,acestep,sample_00446,Pop,test
Music For an Underground Circu - Ergo Phizmiz,audioldm,sample_00712,Pop,test
Music For an Underground Circu - Ergo Phizmiz,brev,sample_01026,Pop,test
Music For an Underground Circu - Ergo Phizmiz,diffrhythm,sample_01323,Pop,test
Music For an Underground Circu - Ergo Phizmiz,elevenlabs,sample_02995,Pop,test
Music For an Underground Circu - Ergo Phizmiz,mubert,sample_01559,Pop,test
Music For an Underground Circu - Ergo Phizmiz,musicgen,sample_03315,Pop,test
Music For an Underground Circu - Ergo Phizmiz,producer,sample_01701,Pop,test
Music For an Underground Circu - Ergo Phizmiz,songgen,sample_01922,Pop,test
Music For an Underground Circu - Ergo Phizmiz,stableaudio,sample_02742,Pop,test
Music For an Underground Circu - Ergo Phizmiz,suno,sample_02217,Pop,test
Music For an Underground Circu - Ergo Phizmiz,udio,sample_02517,Pop,test
Nature Is Over / Defined - Bird Names,acestep,sample_00450,Pop,train
Nature Is Over / Defined - Bird Names,audioldm,sample_00742,Pop,train
Nature Is Over / Defined - Bird Names,brev,sample_01028,Pop,train
Nature Is Over / Defined - Bird Names,diffrhythm,sample_01326,Pop,train
Nature Is Over / Defined - Bird Names,elevenlabs,sample_02997,Pop,train
Nature Is Over / Defined - Bird Names,mubert,sample_01567,Pop,train
Nature Is Over / Defined - Bird Names,musicgen,sample_03319,Pop,train
Nature Is Over / Defined - Bird Names,producer,sample_01703,Pop,train
Nature Is Over / Defined - Bird Names,songgen,sample_01924,Pop,train
Nature Is Over / Defined - Bird Names,stableaudio,sample_02744,Pop,train
Nature Is Over / Defined - Bird Names,suno,sample_02219,Pop,train
Nature Is Over / Defined - Bird Names,udio,sample_02519,Pop,train
New Life (take 1) - Bird Names,acestep,sample_00452,Pop,val
New Life (take 1) - Bird Names,audioldm,sample_00749,Pop,val
New Life (take 1) - Bird Names,brev,sample_01030,Pop,val
New Life (take 1) - Bird Names,diffrhythm,sample_01329,Pop,val
New Life (take 1) - Bird Names,elevenlabs,sample_02999,Pop,val
New Life (take 1) - Bird Names,mubert,sample_01565,Pop,val
New Life (take 1) - Bird Names,musicgen,sample_03321,Pop,val
New Life (take 1) - Bird Names,producer,sample_01704,Pop,val
New Life (take 1) - Bird Names,songgen,sample_01926,Pop,val
New Life (take 1) - Bird Names,stableaudio,sample_02745,Pop,val
New Life (take 1) - Bird Names,suno,sample_02221,Pop,val
New Life (take 1) - Bird Names,udio,sample_02521,Pop,val
Night Drive - Decktonic,acestep,sample_00454,Electronic,val
Night Drive - Decktonic,audioldm,sample_00610,Electronic,val
Night Drive - Decktonic,brev,sample_00924,Electronic,val
Night Drive - Decktonic,diffrhythm,sample_01239,Electronic,val
Night Drive - Decktonic,elevenlabs,sample_03001,Electronic,val
Night Drive - Decktonic,mubert,sample_01488,Electronic,val
Night Drive - Decktonic,musicgen,sample_03323,Electronic,val
Night Drive - Decktonic,producer,sample_01650,Electronic,val
Night Drive - Decktonic,songgen,sample_01838,Electronic,val
Night Drive - Decktonic,stableaudio,sample_02690,Electronic,val
Night Drive - Decktonic,suno,sample_02115,Electronic,val
Night Drive - Decktonic,udio,sample_02415,Electronic,val
Night Owl - Broke For Free,acestep,sample_00455,Electronic,test
Night Owl - Broke For Free,audioldm,sample_00654,Electronic,test
Night Owl - Broke For Free,brev,sample_00926,Electronic,test
Night Owl - Broke For Free,diffrhythm,sample_01240,Electronic,test
Night Owl - Broke For Free,elevenlabs,sample_03003,Electronic,test
Night Owl - Broke For Free,mubert,sample_01481,Electronic,test
Night Owl - Broke For Free,musicgen,sample_03324,Electronic,test
Night Owl - Broke For Free,producer,sample_01651,Electronic,test
Night Owl - Broke For Free,songgen,sample_01839,Electronic,test
Night Owl - Broke For Free,stableaudio,sample_02691,Electronic,test
Night Owl - Broke For Free,suno,sample_02117,Electronic,test
Night Owl - Broke For Free,udio,sample_02417,Electronic,test
Noam Chomsky's Corporate Carbohydrate Surprise - Quelle Fromage,acestep,sample_00456,Electronic,train
Noam Chomsky's Corporate Carbohydrate Surprise - Quelle Fromage,audioldm,sample_00650,Electronic,train
Noam Chomsky's Corporate Carbohydrate Surprise - Quelle Fromage,brev,sample_00928,Electronic,train
Noam Chomsky's Corporate Carbohydrate Surprise - Quelle Fromage,diffrhythm,sample_01241,Electronic,train
Noam Chomsky's Corporate Carbohydrate Surprise - Quelle Fromage,elevenlabs,sample_03005,Electronic,train
Noam Chomsky's Corporate Carbohydrate Surprise - Quelle Fromage,mubert,sample_01520,Electronic,train
Noam Chomsky's Corporate Carbohydrate Surprise - Quelle Fromage,musicgen,sample_03325,Electronic,train
Noam Chomsky's Corporate Carbohydrate Surprise - Quelle Fromage,producer,sample_01652,Electronic,train
Noam Chomsky's Corporate Carbohydrate Surprise - Quelle Fromage,songgen,sample_01840,Electronic,train
Noam Chomsky's Corporate Carbohydrate Surprise - Quelle Fromage,stableaudio,sample_02692,Electronic,train
Noam Chomsky's Corporate Carbohydrate Surprise - Quelle Fromage,suno,sample_02119,Electronic,train
Noam Chomsky's Corporate Carbohydrate Surprise - Quelle Fromage,udio,sample_02419,Electronic,train
Norweigian Wood II - Bird Names,acestep,sample_00457,Pop,val
Norweigian Wood II - Bird Names,audioldm,sample_00732,Pop,val
Norweigian Wood II - Bird Names,brev,sample_01032,Pop,val
Norweigian Wood II - Bird Names,diffrhythm,sample_01331,Pop,val
Norweigian Wood II - Bird Names,elevenlabs,sample_03007,Pop,val
Norweigian Wood II - Bird Names,mubert,sample_01564,Pop,val
Norweigian Wood II - Bird Names,musicgen,sample_03326,Pop,val
Norweigian Wood II - Bird Names,producer,sample_01705,Pop,val
Norweigian Wood II - Bird Names,songgen,sample_01927,Pop,val
Norweigian Wood II - Bird Names,stableaudio,sample_02746,Pop,val
Norweigian Wood II - Bird Names,suno,sample_02223,Pop,val
Norweigian Wood II - Bird Names,udio,sample_02523,Pop,val
Nose - DUSTdevils,acestep,sample_00458,Rock,train
Nose - DUSTdevils,audioldm,sample_00806,Rock,train
Nose - DUSTdevils,brev,sample_01130,Rock,train
Nose - DUSTdevils,diffrhythm,sample_01438,Rock,train
Nose - DUSTdevils,elevenlabs,sample_03009,Rock,train
Nose - DUSTdevils,mubert,sample_01617,Rock,train
Nose - DUSTdevils,musicgen,sample_03327,Rock,train
Nose - DUSTdevils,producer,sample_01754,Rock,train
Nose - DUSTdevils,songgen,sample_02030,Rock,train
Nose - DUSTdevils,stableaudio,sample_02830,Rock,train
Nose - DUSTdevils,suno,sample_02321,Rock,train
Nose - DUSTdevils,udio,sample_02621,Rock,train
OOOTHERSIDE - Liquid Paper - Mike B. Fort,acestep,sample_00467,Electronic,train
OOOTHERSIDE - Liquid Paper - Mike B. Fort,audioldm,sample_00628,Electronic,train
OOOTHERSIDE - Liquid Paper - Mike B. Fort,brev,sample_00938,Electronic,train
OOOTHERSIDE - Liquid Paper - Mike B. Fort,diffrhythm,sample_01247,Electronic,train
OOOTHERSIDE - Liquid Paper - Mike B. Fort,elevenlabs,sample_03013,Electronic,train
OOOTHERSIDE - Liquid Paper - Mike B. Fort,mubert,sample_01522,Electronic,train
OOOTHERSIDE - Liquid Paper - Mike B. Fort,musicgen,sample_03336,Electronic,train
OOOTHERSIDE - Liquid Paper - Mike B. Fort,producer,sample_01657,Electronic,train
OOOTHERSIDE - Liquid Paper - Mike B. Fort,songgen,sample_01846,Electronic,train
OOOTHERSIDE - Liquid Paper - Mike B. Fort,stableaudio,sample_02696,Electronic,train
OOOTHERSIDE - Liquid Paper - Mike B. Fort,suno,sample_02129,Electronic,train
OOOTHERSIDE - Liquid Paper - Mike B. Fort,udio,sample_02429,Electronic,train
OOOTHERSIDE - This Time - Mike B. Fort,acestep,sample_00468,Electronic,train
OOOTHERSIDE - This Time - Mike B. Fort,audioldm,sample_00607,Electronic,train
OOOTHERSIDE - This Time - Mike B. Fort,brev,sample_00940,Electronic,train
OOOTHERSIDE - This Time - Mike B. Fort,diffrhythm,sample_01248,Electronic,train
OOOTHERSIDE - This Time - Mike B. Fort,elevenlabs,sample_03015,Electronic,train
OOOTHERSIDE - This Time - Mike B. Fort,mubert,sample_01523,Electronic,train
OOOTHERSIDE - This Time - Mike B. Fort,musicgen,sample_03337,Electronic,train
OOOTHERSIDE - This Time - Mike B. Fort,producer,sample_01658,Electronic,train
OOOTHERSIDE - This Time - Mike B. Fort,songgen,sample_01847,Electronic,train
OOOTHERSIDE - This Time - Mike B. Fort,stableaudio,sample_02697,Electronic,train
OOOTHERSIDE - This Time - Mike B. Fort,suno,sample_02131,Electronic,train
OOOTHERSIDE - This Time - Mike B. Fort,udio,sample_02431,Electronic,train
OST 04 Ship under attack - sawsquarenoise,acestep,sample_00469,Electronic,train
OST 04 Ship under attack - sawsquarenoise,audioldm,sample_00624,Electronic,train
OST 04 Ship under attack - sawsquarenoise,brev,sample_00942,Electronic,train
OST 04 Ship under attack - sawsquarenoise,diffrhythm,sample_01249,Electronic,train
OST 04 Ship under attack - sawsquarenoise,elevenlabs,sample_03017,Electronic,train
OST 04 Ship under attack - sawsquarenoise,mubert,sample_01486,Electronic,train
OST 04 Ship under attack - sawsquarenoise,musicgen,sample_03338,Electronic,train
OST 04 Ship under attack - sawsquarenoise,producer,sample_01659,Electronic,train
OST 04 Ship under attack - sawsquarenoise,songgen,sample_01848,Electronic,train
OST 04 Ship under attack - sawsquarenoise,stableaudio,sample_02698,Electronic,train
OST 04 Ship under attack - sawsquarenoise,suno,sample_02133,Electronic,train
OST 04 Ship under attack - sawsquarenoise,udio,sample_02433,Electronic,train
Ohtli - Seclorance,acestep,sample_00462,Electronic,train
Ohtli - Seclorance,audioldm,sample_00652,Electronic,train
Ohtli - Seclorance,brev,sample_00932,Electronic,train
Ohtli - Seclorance,diffrhythm,sample_01244,Electronic,train
Ohtli - Seclorance,elevenlabs,sample_03019,Electronic,train
Ohtli - Seclorance,mubert,sample_01496,Electronic,train
Ohtli - Seclorance,musicgen,sample_03331,Electronic,train
Ohtli - Seclorance,producer,sample_01654,Electronic,train
Ohtli - Seclorance,songgen,sample_01843,Electronic,train
Ohtli - Seclorance,stableaudio,sample_02693,Electronic,train
Ohtli - Seclorance,suno,sample_02123,Electronic,train
Ohtli - Seclorance,udio,sample_02423,Electronic,train
Okiirobo Navigation System - Henry Homesweet,acestep,sample_00463,Electronic,train
Okiirobo Navigation System - Henry Homesweet,audioldm,sample_00626,Electronic,train
Okiirobo Navigation System - Henry Homesweet,brev,sample_00934,Electronic,train
Okiirobo Navigation System - Henry Homesweet,diffrhythm,sample_01245,Electronic,train
Okiirobo Navigation System - Henry Homesweet,elevenlabs,sample_03021,Electronic,train
Okiirobo Navigation System - Henry Homesweet,mubert,sample_01517,Electronic,train
Okiirobo Navigation System - Henry Homesweet,musicgen,sample_03332,Electronic,train
Okiirobo Navigation System - Henry Homesweet,producer,sample_01655,Electronic,train
Okiirobo Navigation System - Henry Homesweet,songgen,sample_01844,Electronic,train
Okiirobo Navigation System - Henry Homesweet,stableaudio,sample_02694,Electronic,train
Okiirobo Navigation System - Henry Homesweet,suno,sample_02125,Electronic,train
Okiirobo Navigation System - Henry Homesweet,udio,sample_02425,Electronic,train
On My Mind - Ergo Phizmiz,acestep,sample_00466,Pop,train
On My Mind - Ergo Phizmiz,audioldm,sample_00708,Pop,train
On My Mind - Ergo Phizmiz,brev,sample_01034,Pop,train
On My Mind - Ergo Phizmiz,diffrhythm,sample_01333,Pop,train
On My Mind - Ergo Phizmiz,elevenlabs,sample_03023,Pop,train
On My Mind - Ergo Phizmiz,mubert,sample_01552,Pop,train
On My Mind - Ergo Phizmiz,musicgen,sample_03335,Pop,train
On My Mind - Ergo Phizmiz,producer,sample_01706,Pop,train
On My Mind - Ergo Phizmiz,songgen,sample_01929,Pop,train
On My Mind - Ergo Phizmiz,stableaudio,sample_02748,Pop,train
On My Mind - Ergo Phizmiz,suno,sample_02225,Pop,train
On My Mind - Ergo Phizmiz,udio,sample_02525,Pop,train
One Eyed Ghost/This is gonna be a rough show - The Crypts!,acestep,sample_00464,Rock,train
One Eyed Ghost/This is gonna be a rough show - The Crypts!,audioldm,sample_00792,Rock,train
One Eyed Ghost/This is gonna be a rough show - The Crypts!,brev,sample_01132,Rock,train
One Eyed Ghost/This is gonna be a rough show - The Crypts!,diffrhythm,sample_01439,Rock,train
One Eyed Ghost/This is gonna be a rough show - The Crypts!,elevenlabs,sample_03025,Rock,train
One Eyed Ghost/This is gonna be a rough show - The Crypts!,mubert,sample_01592,Rock,train
One Eyed Ghost/This is gonna be a rough show - The Crypts!,musicgen,sample_03333,Rock,train
One Eyed Ghost/This is gonna be a rough show - The Crypts!,producer,sample_01755,Rock,train
One Eyed Ghost/This is gonna be a rough show - The Crypts!,songgen,sample_02031,Rock,train
One Eyed Ghost/This is gonna be a rough show - The Crypts!,stableaudio,sample_02831,Rock,train
One Eyed Ghost/This is gonna be a rough show - The Crypts!,suno,sample_02323,Rock,train
One Eyed Ghost/This is gonna be a rough show - The Crypts!,udio,sample_02623,Rock,train
Only Instrumental - Broke For Free,acestep,sample_00465,Electronic,train
Only Instrumental - Broke For Free,audioldm,sample_00640,Electronic,train
Only Instrumental - Broke For Free,brev,sample_00936,Electronic,train
Only Instrumental - Broke For Free,diffrhythm,sample_01246,Electronic,train
Only Instrumental - Broke For Free,elevenlabs,sample_03027,Electronic,train
Only Instrumental - Broke For Free,mubert,sample_01480,Electronic,train
Only Instrumental - Broke For Free,musicgen,sample_03334,Electronic,train
Only Instrumental - Broke For Free,producer,sample_01656,Electronic,train
Only Instrumental - Broke For Free,songgen,sample_01845,Electronic,train
Only Instrumental - Broke For Free,stableaudio,sample_02695,Electronic,train
Only Instrumental - Broke For Free,suno,sample_02127,Electronic,train
Only Instrumental - Broke For Free,udio,sample_02427,Electronic,train
Pista Afuera - Epstein,acestep,sample_00473,Electronic,test
Pista Afuera - Epstein,audioldm,sample_00600,Electronic,test
Pista Afuera - Epstein,brev,sample_00946,Electronic,test
Pista Afuera - Epstein,diffrhythm,sample_01251,Electronic,test
Pista Afuera - Epstein,elevenlabs,sample_03031,Electronic,test
Pista Afuera - Epstein,mubert,sample_01511,Electronic,test
Pista Afuera - Epstein,musicgen,sample_03342,Electronic,test
Pista Afuera - Epstein,producer,sample_01661,Electronic,test
Pista Afuera - Epstein,songgen,sample_01850,Electronic,test
Pista Afuera - Epstein,stableaudio,sample_02700,Electronic,test
Pista Afuera - Epstein,suno,sample_02137,Electronic,test
Pista Afuera - Epstein,udio,sample_02437,Electronic,test
Ponky McFonky - My brother Daniel,acestep,sample_00475,Electronic,train
Ponky McFonky - My brother Daniel,audioldm,sample_00667,Electronic,train
Ponky McFonky - My brother Daniel,brev,sample_00948,Electronic,train
Ponky McFonky - My brother Daniel,diffrhythm,sample_01252,Electronic,train
Ponky McFonky - My brother Daniel,elevenlabs,sample_03033,Electronic,train
Ponky McFonky - My brother Daniel,mubert,sample_01515,Electronic,train
Ponky McFonky - My brother Daniel,musicgen,sample_03344,Electronic,train
Ponky McFonky - My brother Daniel,producer,sample_01662,Electronic,train
Ponky McFonky - My brother Daniel,songgen,sample_01851,Electronic,train
Ponky McFonky - My brother Daniel,stableaudio,sample_02701,Electronic,train
Ponky McFonky - My brother Daniel,suno,sample_02139,Electronic,train
Ponky McFonky - My brother Daniel,udio,sample_02439,Electronic,train
Realize Me - Jim Rooster,acestep,sample_00481,Electronic,test
Realize Me - Jim Rooster,audioldm,sample_00620,Electronic,test
Realize Me - Jim Rooster,brev,sample_00950,Electronic,test
Realize Me - Jim Rooster,diffrhythm,sample_01254,Electronic,test
Realize Me - Jim Rooster,elevenlabs,sample_03035,Electronic,test
Realize Me - Jim Rooster,mubert,sample_01499,Electronic,test
Realize Me - Jim Rooster,musicgen,sample_03350,Electronic,test
Realize Me - Jim Rooster,producer,sample_01663,Electronic,test
Realize Me - Jim Rooster,songgen,sample_01853,Electronic,test
Realize Me - Jim Rooster,stableaudio,sample_02702,Electronic,test
Realize Me - Jim Rooster,suno,sample_02141,Electronic,test
Realize Me - Jim Rooster,udio,sample_02441,Electronic,test
Resistentialism - Nihilore,acestep,sample_00483,Electronic,test
Resistentialism - Nihilore,audioldm,sample_00608,Electronic,test
Resistentialism - Nihilore,brev,sample_00952,Electronic,test
Resistentialism - Nihilore,diffrhythm,sample_01255,Electronic,test
Resistentialism - Nihilore,elevenlabs,sample_03037,Electronic,test
Resistentialism - Nihilore,mubert,sample_01492,Electronic,test
Resistentialism - Nihilore,musicgen,sample_03352,Electronic,test
Resistentialism - Nihilore,producer,sample_01664,Electronic,test
Resistentialism - Nihilore,songgen,sample_01854,Electronic,test
Resistentialism - Nihilore,stableaudio,sample_02703,Electronic,test
Resistentialism - Nihilore,suno,sample_02143,Electronic,test
Resistentialism - Nihilore,udio,sample_02443,Electronic,test
Roach-Man - Punk Rock Opera,acestep,sample_00484,Rock,train
Roach-Man - Punk Rock Opera,audioldm,sample_00810,Rock,train
Roach-Man - Punk Rock Opera,brev,sample_01134,Rock,train
Roach-Man - Punk Rock Opera,diffrhythm,sample_01443,Rock,train
Roach-Man - Punk Rock Opera,elevenlabs,sample_03039,Rock,train
Roach-Man - Punk Rock Opera,mubert,sample_01601,Rock,train
Roach-Man - Punk Rock Opera,musicgen,sample_03353,Rock,train
Roach-Man - Punk Rock Opera,producer,sample_01756,Rock,train
Roach-Man - Punk Rock Opera,songgen,sample_02035,Rock,train
Roach-Man - Punk Rock Opera,stableaudio,sample_02835,Rock,train
Roach-Man - Punk Rock Opera,suno,sample_02325,Rock,train
Roach-Man - Punk Rock Opera,udio,sample_02625,Rock,train
Robocall - Legally Blind,acestep,sample_00485,Rock,train
Robocall - Legally Blind,audioldm,sample_00777,Rock,train
Robocall - Legally Blind,brev,sample_01136,Rock,train
Robocall - Legally Blind,diffrhythm,sample_01444,Rock,train
Robocall - Legally Blind,elevenlabs,sample_03041,Rock,train
Robocall - Legally Blind,mubert,sample_01605,Rock,train
Robocall - Legally Blind,musicgen,sample_03354,Rock,train
Robocall - Legally Blind,producer,sample_01757,Rock,train
Robocall - Legally Blind,songgen,sample_02036,Rock,train
Robocall - Legally Blind,stableaudio,sample_02836,Rock,train
Robocall - Legally Blind,suno,sample_02327,Rock,train
Robocall - Legally Blind,udio,sample_02627,Rock,train
Robot Heart - Mystery Mammal,acestep,sample_00486,Electronic,train
Robot Heart - Mystery Mammal,audioldm,sample_00598,Electronic,train
Robot Heart - Mystery Mammal,brev,sample_00954,Electronic,train
Robot Heart - Mystery Mammal,diffrhythm,sample_01256,Electronic,train
Robot Heart - Mystery Mammal,elevenlabs,sample_03043,Electronic,train
Robot Heart - Mystery Mammal,mubert,sample_01504,Electronic,train
Robot Heart - Mystery Mammal,musicgen,sample_03355,Electronic,train
Robot Heart - Mystery Mammal,producer,sample_01665,Electronic,train
Robot Heart - Mystery Mammal,songgen,sample_01855,Electronic,train
Robot Heart - Mystery Mammal,stableaudio,sample_02704,Electronic,train
Robot Heart - Mystery Mammal,suno,sample_02145,Electronic,train
Robot Heart - Mystery Mammal,udio,sample_02445,Electronic,train
Roland Garros 2048 - Zoliborz,acestep,sample_00487,Rock,train
Roland Garros 2048 - Zoliborz,audioldm,sample_00808,Rock,train
Roland Garros 2048 - Zoliborz,brev,sample_01138,Rock,train
Roland Garros 2048 - Zoliborz,diffrhythm,sample_01445,Rock,train
Roland Garros 2048 - Zoliborz,elevenlabs,sample_03045,Rock,train
Roland Garros 2048 - Zoliborz,mubert,sample_01603,Rock,train
Roland Garros 2048 - Zoliborz,musicgen,sample_03356,Rock,train
Roland Garros 2048 - Zoliborz,producer,sample_01758,Rock,train
Roland Garros 2048 - Zoliborz,songgen,sample_02037,Rock,train
Roland Garros 2048 - Zoliborz,stableaudio,sample_02837,Rock,train
Roland Garros 2048 - Zoliborz,suno,sample_02329,Rock,train
Roland Garros 2048 - Zoliborz,udio,sample_02629,Rock,train
Roller Star - Monroeville Music Center,acestep,sample_00488,Pop,val
Roller Star - Monroeville Music Center,audioldm,sample_00738,Pop,val
Roller Star - Monroeville Music Center,brev,sample_01040,Pop,val
Roller Star - Monroeville Music Center,diffrhythm,sample_01340,Pop,val
Roller Star - Monroeville Music Center,elevenlabs,sample_03047,Pop,val
Roller Star - Monroeville Music Center,mubert,sample_01534,Pop,val
Roller Star - Monroeville Music Center,musicgen,sample_03357,Pop,val
Roller Star - Monroeville Music Center,producer,sample_01709,Pop,val
Roller Star - Monroeville Music Center,songgen,sample_01935,Pop,val
Roller Star - Monroeville Music Center,stableaudio,sample_02754,Pop,val
Roller Star - Monroeville Music Center,suno,sample_02231,Pop,val
Roller Star - Monroeville Music Center,udio,sample_02531,Pop,val
Running Free - Michett featuring Kalipluche,acestep,sample_00492,Electronic,train
Running Free - Michett featuring Kalipluche,audioldm,sample_00603,Electronic,train
Running Free - Michett featuring Kalipluche,brev,sample_00956,Electronic,train
Running Free - Michett featuring Kalipluche,diffrhythm,sample_01258,Electronic,train
Running Free - Michett featuring Kalipluche,elevenlabs,sample_03051,Electronic,train
Running Free - Michett featuring Kalipluche,mubert,sample_01500,Electronic,train
Running Free - Michett featuring Kalipluche,musicgen,sample_03361,Electronic,train
Running Free - Michett featuring Kalipluche,producer,sample_01666,Electronic,train
Running Free - Michett featuring Kalipluche,songgen,sample_01857,Electronic,train
Running Free - Michett featuring Kalipluche,stableaudio,sample_02705,Electronic,train
Running Free - Michett featuring Kalipluche,suno,sample_02147,Electronic,train
Running Free - Michett featuring Kalipluche,udio,sample_02447,Electronic,train
Scramby Eggs - Andy G. Cohen,acestep,sample_00494,Rock,val
Scramby Eggs - Andy G. Cohen,audioldm,sample_00788,Rock,val
Scramby Eggs - Andy G. Cohen,brev,sample_01140,Rock,val
Scramby Eggs - Andy G. Cohen,diffrhythm,sample_01447,Rock,val
Scramby Eggs - Andy G. Cohen,elevenlabs,sample_03055,Rock,val
Scramby Eggs - Andy G. Cohen,mubert,sample_01612,Rock,val
Scramby Eggs - Andy G. Cohen,musicgen,sample_03363,Rock,val
Scramby Eggs - Andy G. Cohen,producer,sample_01759,Rock,val
Scramby Eggs - Andy G. Cohen,songgen,sample_02039,Rock,val
Scramby Eggs - Andy G. Cohen,stableaudio,sample_02838,Rock,val
Scramby Eggs - Andy G. Cohen,suno,sample_02331,Rock,val
Scramby Eggs - Andy G. Cohen,udio,sample_02631,Rock,val
Seppuku Bot - Decktonic,acestep,sample_00497,Electronic,train
Seppuku Bot - Decktonic,audioldm,sample_00659,Electronic,train
Seppuku Bot - Decktonic,brev,sample_00960,Electronic,train
Seppuku Bot - Decktonic,diffrhythm,sample_01261,Electronic,train
Seppuku Bot - Decktonic,elevenlabs,sample_03059,Electronic,train
Seppuku Bot - Decktonic,mubert,sample_01482,Electronic,train
Seppuku Bot - Decktonic,musicgen,sample_03366,Electronic,train
Seppuku Bot - Decktonic,producer,sample_01668,Electronic,train
Seppuku Bot - Decktonic,songgen,sample_01860,Electronic,train
Seppuku Bot - Decktonic,stableaudio,sample_02707,Electronic,train
Seppuku Bot - Decktonic,suno,sample_02151,Electronic,train
Seppuku Bot - Decktonic,udio,sample_02451,Electronic,train
Sfogare Il Dissenso - Deiezione HC,acestep,sample_00499,Rock,test
Sfogare Il Dissenso - Deiezione HC,audioldm,sample_00805,Rock,test
Sfogare Il Dissenso - Deiezione HC,brev,sample_01144,Rock,test
Sfogare Il Dissenso - Deiezione HC,diffrhythm,sample_01449,Rock,test
Sfogare Il Dissenso - Deiezione HC,elevenlabs,sample_03061,Rock,test
Sfogare Il Dissenso - Deiezione HC,mubert,sample_01597,Rock,test
Sfogare Il Dissenso - Deiezione HC,musicgen,sample_03368,Rock,test
Sfogare Il Dissenso - Deiezione HC,producer,sample_01761,Rock,test
Sfogare Il Dissenso - Deiezione HC,songgen,sample_02041,Rock,test
Sfogare Il Dissenso - Deiezione HC,stableaudio,sample_02839,Rock,test
Sfogare Il Dissenso - Deiezione HC,suno,sample_02335,Rock,test
Sfogare Il Dissenso - Deiezione HC,udio,sample_02635,Rock,test
Shadow Government - Bird Names,acestep,sample_00500,Pop,train
Shadow Government - Bird Names,audioldm,sample_00722,Pop,train
Shadow Government - Bird Names,brev,sample_01044,Pop,train
Shadow Government - Bird Names,diffrhythm,sample_01342,Pop,train
Shadow Government - Bird Names,elevenlabs,sample_03063,Pop,train
Shadow Government - Bird Names,mubert,sample_01568,Pop,train
Shadow Government - Bird Names,musicgen,sample_03369,Pop,train
Shadow Government - Bird Names,producer,sample_01711,Pop,train
Shadow Government - Bird Names,songgen,sample_01937,Pop,train
Shadow Government - Bird Names,stableaudio,sample_02755,Pop,train
Shadow Government - Bird Names,suno,sample_02235,Pop,train
Shadow Government - Bird Names,udio,sample_02535,Pop,train
She Works / Tepid Waters - Bird Names,acestep,sample_00502,Pop,test
She Works / Tepid Waters - Bird Names,audioldm,sample_00746,Pop,test
She Works / Tepid Waters - Bird Names,brev,sample_01046,Pop,test
She Works / Tepid Waters - Bird Names,diffrhythm,sample_01343,Pop,test
She Works / Tepid Waters - Bird Names,elevenlabs,sample_03065,Pop,test
She Works / Tepid Waters - Bird Names,mubert,sample_01550,Pop,test
She Works / Tepid Waters - Bird Names,musicgen,sample_03371,Pop,test
She Works / Tepid Waters - Bird Names,producer,sample_01712,Pop,test
She Works / Tepid Waters - Bird Names,songgen,sample_01938,Pop,test
She Works / Tepid Waters - Bird Names,stableaudio,sample_02756,Pop,test
She Works / Tepid Waters - Bird Names,suno,sample_02237,Pop,test
She Works / Tepid Waters - Bird Names,udio,sample_02537,Pop,test
Snakefirewalking - Los Llamarada,acestep,sample_00507,Rock,train
Snakefirewalking - Los Llamarada,audioldm,sample_00790,Rock,train
Snakefirewalking - Los Llamarada,brev,sample_01146,Rock,train
Snakefirewalking - Los Llamarada,diffrhythm,sample_01452,Rock,train
Snakefirewalking - Los Llamarada,elevenlabs,sample_03067,Rock,train
Snakefirewalking - Los Llamarada,mubert,sample_01616,Rock,train
Snakefirewalking - Los Llamarada,musicgen,sample_03376,Rock,train
Snakefirewalking - Los Llamarada,producer,sample_01762,Rock,train
Snakefirewalking - Los Llamarada,songgen,sample_02044,Rock,train
Snakefirewalking - Los Llamarada,stableaudio,sample_02842,Rock,train
Snakefirewalking - Los Llamarada,suno,sample_02337,Rock,train
Snakefirewalking - Los Llamarada,udio,sample_02637,Rock,train
Soleares&beats - Malaventura,acestep,sample_00509,Pop,val
Soleares&beats - Malaventura,audioldm,sample_00704,Pop,val
Soleares&beats - Malaventura,brev,sample_01048,Pop,val
Soleares&beats - Malaventura,diffrhythm,sample_01347,Pop,val
Soleares&beats - Malaventura,elevenlabs,sample_03069,Pop,val
Soleares&beats - Malaventura,mubert,sample_01537,Pop,val
Soleares&beats - Malaventura,musicgen,sample_03378,Pop,val
Soleares&beats - Malaventura,producer,sample_01713,Pop,val
Soleares&beats - Malaventura,songgen,sample_01941,Pop,val
Soleares&beats - Malaventura,stableaudio,sample_02758,Pop,val
Soleares&beats - Malaventura,suno,sample_02239,Pop,val
Soleares&beats - Malaventura,udio,sample_02539,Pop,val
Something Dirty - Ergo Phizmiz,acestep,sample_00510,Pop,test
Something Dirty - Ergo Phizmiz,audioldm,sample_00705,Pop,test
Something Dirty - Ergo Phizmiz,brev,sample_01050,Pop,test
Something Dirty - Ergo Phizmiz,diffrhythm,sample_01348,Pop,test
Something Dirty - Ergo Phizmiz,elevenlabs,sample_03071,Pop,test
Something Dirty - Ergo Phizmiz,mubert,sample_01553,Pop,test
Something Dirty - Ergo Phizmiz,musicgen,sample_03379,Pop,test
Something Dirty - Ergo Phizmiz,producer,sample_01714,Pop,test
Something Dirty - Ergo Phizmiz,songgen,sample_01942,Pop,test
Something Dirty - Ergo Phizmiz,stableaudio,sample_02759,Pop,test
Something Dirty - Ergo Phizmiz,suno,sample_02241,Pop,test
Something Dirty - Ergo Phizmiz,udio,sample_02541,Pop,test
Soul of the Demon - Zombie Raiders,acestep,sample_00513,Rock,train
Soul of the Demon - Zombie Raiders,audioldm,sample_00776,Rock,train
Soul of the Demon - Zombie Raiders,brev,sample_01148,Rock,train
Soul of the Demon - Zombie Raiders,diffrhythm,sample_01454,Rock,train
Soul of the Demon - Zombie Raiders,elevenlabs,sample_03073,Rock,train
Soul of the Demon - Zombie Raiders,mubert,sample_01602,Rock,train
Soul of the Demon - Zombie Raiders,musicgen,sample_03382,Rock,train
Soul of the Demon - Zombie Raiders,producer,sample_01763,Rock,train
Soul of the Demon - Zombie Raiders,songgen,sample_02046,Rock,train
Soul of the Demon - Zombie Raiders,stableaudio,sample_02844,Rock,train
Soul of the Demon - Zombie Raiders,suno,sample_02339,Rock,train
Soul of the Demon - Zombie Raiders,udio,sample_02639,Rock,train
Stockholm Syndrome / People Should Be More Aware - Bird Names,acestep,sample_00516,Pop,val
Stockholm Syndrome / People Should Be More Aware - Bird Names,audioldm,sample_00744,Pop,val
Stockholm Syndrome / People Should Be More Aware - Bird Names,brev,sample_01054,Pop,val
Stockholm Syndrome / People Should Be More Aware - Bird Names,diffrhythm,sample_01351,Pop,val
Stockholm Syndrome / People Should Be More Aware - Bird Names,elevenlabs,sample_03077,Pop,val
Stockholm Syndrome / People Should Be More Aware - Bird Names,mubert,sample_01530,Pop,val
Stockholm Syndrome / People Should Be More Aware - Bird Names,musicgen,sample_03385,Pop,val
Stockholm Syndrome / People Should Be More Aware - Bird Names,producer,sample_01716,Pop,val
Stockholm Syndrome / People Should Be More Aware - Bird Names,songgen,sample_01945,Pop,val
Stockholm Syndrome / People Should Be More Aware - Bird Names,stableaudio,sample_02762,Pop,val
Stockholm Syndrome / People Should Be More Aware - Bird Names,suno,sample_02245,Pop,val
Stockholm Syndrome / People Should Be More Aware - Bird Names,udio,sample_02545,Pop,val
Stranger - Frigg A Go Go (F.A.G.G.),acestep,sample_00517,Rock,train
Stranger - Frigg A Go Go (F.A.G.G.),audioldm,sample_00789,Rock,train
Stranger - Frigg A Go Go (F.A.G.G.),brev,sample_01150,Rock,train
Stranger - Frigg A Go Go (F.A.G.G.),diffrhythm,sample_01455,Rock,train
Stranger - Frigg A Go Go (F.A.G.G.),elevenlabs,sample_03079,Rock,train
Stranger - Frigg A Go Go (F.A.G.G.),mubert,sample_01594,Rock,train
Stranger - Frigg A Go Go (F.A.G.G.),musicgen,sample_03386,Rock,train
Stranger - Frigg A Go Go (F.A.G.G.),producer,sample_01764,Rock,train
Stranger - Frigg A Go Go (F.A.G.G.),songgen,sample_02047,Rock,train
Stranger - Frigg A Go Go (F.A.G.G.),stableaudio,sample_02845,Rock,train
Stranger - Frigg A Go Go (F.A.G.G.),suno,sample_02341,Rock,train
Stranger - Frigg A Go Go (F.A.G.G.),udio,sample_02641,Rock,train
Straw Fields - Rolemusic,acestep,sample_00518,Electronic,train
Straw Fields - Rolemusic,audioldm,sample_00664,Electronic,train
Straw Fields - Rolemusic,brev,sample_00962,Electronic,train
Straw Fields - Rolemusic,diffrhythm,sample_01266,Electronic,train
Straw Fields - Rolemusic,elevenlabs,sample_03081,Electronic,train
Straw Fields - Rolemusic,mubert,sample_01489,Electronic,train
Straw Fields - Rolemusic,musicgen,sample_03387,Electronic,train
Straw Fields - Rolemusic,producer,sample_01669,Electronic,train
Straw Fields - Rolemusic,songgen,sample_01865,Electronic,train
Straw Fields - Rolemusic,stableaudio,sample_02708,Electronic,train
Straw Fields - Rolemusic,suno,sample_02153,Electronic,train
Straw Fields - Rolemusic,udio,sample_02453,Electronic,train
Stuttgart - Portrayal,acestep,sample_00521,Rock,test
Stuttgart - Portrayal,audioldm,sample_00780,Rock,test
Stuttgart - Portrayal,brev,sample_01152,Rock,test
Stuttgart - Portrayal,diffrhythm,sample_01456,Rock,test
Stuttgart - Portrayal,elevenlabs,sample_03083,Rock,test
Stuttgart - Portrayal,mubert,sample_01586,Rock,test
Stuttgart - Portrayal,musicgen,sample_03390,Rock,test
Stuttgart - Portrayal,producer,sample_01765,Rock,test
Stuttgart - Portrayal,songgen,sample_02048,Rock,test
Stuttgart - Portrayal,stableaudio,sample_02846,Rock,test
Stuttgart - Portrayal,suno,sample_02343,Rock,test
Stuttgart - Portrayal,udio,sample_02643,Rock,test
Take Your Fingers - Michael Fakesch,acestep,sample_00524,Electronic,train
Take Your Fingers - Michael Fakesch,audioldm,sample_00599,Electronic,train
Take Your Fingers - Michael Fakesch,brev,sample_00964,Electronic,train
Take Your Fingers - Michael Fakesch,diffrhythm,sample_01270,Electronic,train
Take Your Fingers - Michael Fakesch,elevenlabs,sample_03085,Electronic,train
Take Your Fingers - Michael Fakesch,mubert,sample_01509,Electronic,train
Take Your Fingers - Michael Fakesch,musicgen,sample_03393,Electronic,train
Take Your Fingers - Michael Fakesch,producer,sample_01670,Electronic,train
Take Your Fingers - Michael Fakesch,songgen,sample_01869,Electronic,train
Take Your Fingers - Michael Fakesch,stableaudio,sample_02709,Electronic,train
Take Your Fingers - Michael Fakesch,suno,sample_02155,Electronic,train
Take Your Fingers - Michael Fakesch,udio,sample_02455,Electronic,train
The Big House - Jason Shaw,acestep,sample_00529,Electronic,train
The Big House - Jason Shaw,audioldm,sample_00594,Electronic,train
The Big House - Jason Shaw,brev,sample_00968,Electronic,train
The Big House - Jason Shaw,diffrhythm,sample_01274,Electronic,train
The Big House - Jason Shaw,elevenlabs,sample_03091,Electronic,train
The Big House - Jason Shaw,mubert,sample_01524,Electronic,train
The Big House - Jason Shaw,musicgen,sample_03398,Electronic,train
The Big House - Jason Shaw,producer,sample_01672,Electronic,train
The Big House - Jason Shaw,songgen,sample_01873,Electronic,train
The Big House - Jason Shaw,stableaudio,sample_02711,Electronic,train
The Big House - Jason Shaw,suno,sample_02159,Electronic,train
The Big House - Jason Shaw,udio,sample_02459,Electronic,train
The Coldest Winter - Caleb Lemond,acestep,sample_00532,Pop,train
The Coldest Winter - Caleb Lemond,audioldm,sample_00741,Pop,train
The Coldest Winter - Caleb Lemond,brev,sample_01058,Pop,train
The Coldest Winter - Caleb Lemond,diffrhythm,sample_01354,Pop,train
The Coldest Winter - Caleb Lemond,elevenlabs,sample_03095,Pop,train
The Coldest Winter - Caleb Lemond,mubert,sample_01540,Pop,train
The Coldest Winter - Caleb Lemond,musicgen,sample_03401,Pop,train
The Coldest Winter - Caleb Lemond,producer,sample_01718,Pop,train
The Coldest Winter - Caleb Lemond,songgen,sample_01947,Pop,train
The Coldest Winter - Caleb Lemond,stableaudio,sample_02764,Pop,train
The Coldest Winter - Caleb Lemond,suno,sample_02249,Pop,train
The Coldest Winter - Caleb Lemond,udio,sample_02549,Pop,train
The Contract - The IMG,acestep,sample_00533,Rock,train
The Contract - The IMG,audioldm,sample_00814,Rock,train
The Contract - The IMG,brev,sample_01156,Rock,train
The Contract - The IMG,diffrhythm,sample_01459,Rock,train
The Contract - The IMG,elevenlabs,sample_03097,Rock,train
The Contract - The IMG,mubert,sample_01589,Rock,train
The Contract - The IMG,musicgen,sample_03402,Rock,train
The Contract - The IMG,producer,sample_01767,Rock,train
The Contract - The IMG,songgen,sample_02051,Rock,train
The Contract - The IMG,stableaudio,sample_02848,Rock,train
The Contract - The IMG,suno,sample_02347,Rock,train
The Contract - The IMG,udio,sample_02647,Rock,train
The Courtyard - Uncle Bibby,acestep,sample_00534,Electronic,train
The Courtyard - Uncle Bibby,audioldm,sample_00658,Electronic,train
The Courtyard - Uncle Bibby,brev,sample_00970,Electronic,train
The Courtyard - Uncle Bibby,diffrhythm,sample_01276,Electronic,train
The Courtyard - Uncle Bibby,elevenlabs,sample_03099,Electronic,train
The Courtyard - Uncle Bibby,mubert,sample_01485,Electronic,train
The Courtyard - Uncle Bibby,musicgen,sample_03403,Electronic,train
The Courtyard - Uncle Bibby,producer,sample_01673,Electronic,train
The Courtyard - Uncle Bibby,songgen,sample_01875,Electronic,train
The Courtyard - Uncle Bibby,stableaudio,sample_02712,Electronic,train
The Courtyard - Uncle Bibby,suno,sample_02161,Electronic,train
The Courtyard - Uncle Bibby,udio,sample_02461,Electronic,train
The Dream and the Dreamer - Caleb Lemond,acestep,sample_00536,Pop,train
The Dream and the Dreamer - Caleb Lemond,audioldm,sample_00747,Pop,train
The Dream and the Dreamer - Caleb Lemond,brev,sample_01060,Pop,train
The Dream and the Dreamer - Caleb Lemond,diffrhythm,sample_01355,Pop,train
The Dream and the Dreamer - Caleb Lemond,elevenlabs,sample_03101,Pop,train
The Dream and the Dreamer - Caleb Lemond,mubert,sample_01542,Pop,train
The Dream and the Dreamer - Caleb Lemond,musicgen,sample_03405,Pop,train
The Dream and the Dreamer - Caleb Lemond,producer,sample_01719,Pop,train
The Dream and the Dreamer - Caleb Lemond,songgen,sample_01948,Pop,train
The Dream and the Dreamer - Caleb Lemond,stableaudio,sample_02765,Pop,train
The Dream and the Dreamer - Caleb Lemond,suno,sample_02251,Pop,train
The Dream and the Dreamer - Caleb Lemond,udio,sample_02551,Pop,train
The Front Yard - HarleyLikesMusic,acestep,sample_00538,Electronic,train
The Front Yard - HarleyLikesMusic,audioldm,sample_00613,Electronic,train
The Front Yard - HarleyLikesMusic,brev,sample_00972,Electronic,train
The Front Yard - HarleyLikesMusic,diffrhythm,sample_01278,Electronic,train
The Front Yard - HarleyLikesMusic,elevenlabs,sample_03103,Electronic,train
The Front Yard - HarleyLikesMusic,mubert,sample_01490,Electronic,train
The Front Yard - HarleyLikesMusic,musicgen,sample_03407,Electronic,train
The Front Yard - HarleyLikesMusic,producer,sample_01674,Electronic,train
The Front Yard - HarleyLikesMusic,songgen,sample_01877,Electronic,train
The Front Yard - HarleyLikesMusic,stableaudio,sample_02713,Electronic,train
The Front Yard - HarleyLikesMusic,suno,sample_02163,Electronic,train
The Front Yard - HarleyLikesMusic,udio,sample_02463,Electronic,train
The Race Forever - Monroeville Music Center,acestep,sample_00544,Pop,train
The Race Forever - Monroeville Music Center,audioldm,sample_00710,Pop,train
The Race Forever - Monroeville Music Center,brev,sample_01064,Pop,train
The Race Forever - Monroeville Music Center,diffrhythm,sample_01359,Pop,train
The Race Forever - Monroeville Music Center,elevenlabs,sample_03105,Pop,train
The Race Forever - Monroeville Music Center,mubert,sample_01577,Pop,train
The Race Forever - Monroeville Music Center,musicgen,sample_03413,Pop,train
The Race Forever - Monroeville Music Center,producer,sample_01721,Pop,train
The Race Forever - Monroeville Music Center,songgen,sample_01952,Pop,train
The Race Forever - Monroeville Music Center,stableaudio,sample_02769,Pop,train
The Race Forever - Monroeville Music Center,suno,sample_02255,Pop,train
The Race Forever - Monroeville Music Center,udio,sample_02555,Pop,train
The Reality Machine - Monroeville Music Center,acestep,sample_00545,Pop,train
The Reality Machine - Monroeville Music Center,audioldm,sample_00879,Pop,train
The Reality Machine - Monroeville Music Center,brev,sample_01066,Pop,train
The Reality Machine - Monroeville Music Center,diffrhythm,sample_01360,Pop,train
The Reality Machine - Monroeville Music Center,elevenlabs,sample_03107,Pop,train
The Reality Machine - Monroeville Music Center,mubert,sample_01574,Pop,train
The Reality Machine - Monroeville Music Center,musicgen,sample_03414,Pop,train
The Reality Machine - Monroeville Music Center,producer,sample_01722,Pop,train
The Reality Machine - Monroeville Music Center,songgen,sample_01953,Pop,train
The Reality Machine - Monroeville Music Center,stableaudio,sample_02710,Pop,train
The Reality Machine - Monroeville Music Center,suno,sample_02257,Pop,train
The Reality Machine - Monroeville Music Center,udio,sample_02557,Pop,train
The girl just faded - Los Llamarada,acestep,sample_00539,Rock,val
The girl just faded - Los Llamarada,audioldm,sample_00813,Rock,val
The girl just faded - Los Llamarada,brev,sample_01158,Rock,val
The girl just faded - Los Llamarada,diffrhythm,sample_01461,Rock,val
The girl just faded - Los Llamarada,elevenlabs,sample_03109,Rock,val
The girl just faded - Los Llamarada,mubert,sample_01615,Rock,val
The girl just faded - Los Llamarada,musicgen,sample_03408,Rock,val
The girl just faded - Los Llamarada,producer,sample_01768,Rock,val
The girl just faded - Los Llamarada,songgen,sample_02053,Rock,val
The girl just faded - Los Llamarada,stableaudio,sample_02850,Rock,val
The girl just faded - Los Llamarada,suno,sample_02349,Rock,val
The girl just faded - Los Llamarada,udio,sample_02649,Rock,val
The plot - Malaventura,acestep,sample_00541,Pop,train
The plot - Malaventura,audioldm,sample_00740,Pop,train
The plot - Malaventura,brev,sample_01062,Pop,train
The plot - Malaventura,diffrhythm,sample_01356,Pop,train
The plot - Malaventura,elevenlabs,sample_03111,Pop,train
The plot - Malaventura,mubert,sample_01533,Pop,train
The plot - Malaventura,musicgen,sample_03410,Pop,train
The plot - Malaventura,producer,sample_01720,Pop,train
The plot - Malaventura,songgen,sample_01949,Pop,train
The plot - Malaventura,stableaudio,sample_02766,Pop,train
The plot - Malaventura,suno,sample_02253,Pop,train
The plot - Malaventura,udio,sample_02553,Pop,train
Time Is Love - Silence is full of birds,acestep,sample_00551,Pop,val
Time Is Love - Silence is full of birds,audioldm,sample_00743,Pop,val
Time Is Love - Silence is full of birds,brev,sample_01068,Pop,val
Time Is Love - Silence is full of birds,diffrhythm,sample_01362,Pop,val
Time Is Love - Silence is full of birds,elevenlabs,sample_03113,Pop,val
Time Is Love - Silence is full of birds,mubert,sample_01532,Pop,val
Time Is Love - Silence is full of birds,musicgen,sample_03420,Pop,val
Time Is Love - Silence is full of birds,producer,sample_01723,Pop,val
Time Is Love - Silence is full of birds,songgen,sample_01955,Pop,val
Time Is Love - Silence is full of birds,stableaudio,sample_02772,Pop,val
Time Is Love - Silence is full of birds,suno,sample_02259,Pop,val
Time Is Love - Silence is full of birds,udio,sample_02559,Pop,val
Troubles I've seen - Malaventura,acestep,sample_00556,Pop,test
Troubles I've seen - Malaventura,audioldm,sample_00723,Pop,test
Troubles I've seen - Malaventura,brev,sample_01070,Pop,test
Troubles I've seen - Malaventura,diffrhythm,sample_01363,Pop,test
Troubles I've seen - Malaventura,elevenlabs,sample_03119,Pop,test
Troubles I've seen - Malaventura,mubert,sample_01531,Pop,test
Troubles I've seen - Malaventura,musicgen,sample_03425,Pop,test
Troubles I've seen - Malaventura,producer,sample_01724,Pop,test
Troubles I've seen - Malaventura,songgen,sample_01956,Pop,test
Troubles I've seen - Malaventura,stableaudio,sample_02773,Pop,test
Troubles I've seen - Malaventura,suno,sample_02261,Pop,test
Troubles I've seen - Malaventura,udio,sample_02561,Pop,test
Ugh! Humans Can Join - Mystery Mammal,acestep,sample_00558,Electronic,test
Ugh! Humans Can Join - Mystery Mammal,audioldm,sample_00612,Electronic,test
Ugh! Humans Can Join - Mystery Mammal,brev,sample_00974,Electronic,test
Ugh! Humans Can Join - Mystery Mammal,diffrhythm,sample_01286,Electronic,test
Ugh! Humans Can Join - Mystery Mammal,elevenlabs,sample_03121,Electronic,test
Ugh! Humans Can Join - Mystery Mammal,mubert,sample_01516,Electronic,test
Ugh! Humans Can Join - Mystery Mammal,musicgen,sample_03427,Electronic,test
Ugh! Humans Can Join - Mystery Mammal,producer,sample_01675,Electronic,test
Ugh! Humans Can Join - Mystery Mammal,songgen,sample_01885,Electronic,test
Ugh! Humans Can Join - Mystery Mammal,stableaudio,sample_02714,Electronic,test
Ugh! Humans Can Join - Mystery Mammal,suno,sample_02165,Electronic,test
Ugh! Humans Can Join - Mystery Mammal,udio,sample_02465,Electronic,test
Vanishing Horizon - Jason Shaw,acestep,sample_00563,Electronic,train
Vanishing Horizon - Jason Shaw,audioldm,sample_00634,Electronic,train
Vanishing Horizon - Jason Shaw,brev,sample_00976,Electronic,train
Vanishing Horizon - Jason Shaw,diffrhythm,sample_01290,Electronic,train
Vanishing Horizon - Jason Shaw,elevenlabs,sample_03123,Electronic,train
Vanishing Horizon - Jason Shaw,mubert,sample_01501,Electronic,train
Vanishing Horizon - Jason Shaw,musicgen,sample_03432,Electronic,train
Vanishing Horizon - Jason Shaw,producer,sample_01676,Electronic,train
Vanishing Horizon - Jason Shaw,songgen,sample_01889,Electronic,train
Vanishing Horizon - Jason Shaw,stableaudio,sample_02715,Electronic,train
Vanishing Horizon - Jason Shaw,suno,sample_02167,Electronic,train
Vanishing Horizon - Jason Shaw,udio,sample_02467,Electronic,train
Voxel - Andy G. Cohen,acestep,sample_00565,Rock,val
Voxel - Andy G. Cohen,audioldm,sample_00781,Rock,val
Voxel - Andy G. Cohen,brev,sample_01164,Rock,val
Voxel - Andy G. Cohen,diffrhythm,sample_01467,Rock,val
Voxel - Andy G. Cohen,elevenlabs,sample_03125,Rock,val
Voxel - Andy G. Cohen,mubert,sample_01613,Rock,val
Voxel - Andy G. Cohen,musicgen,sample_03434,Rock,val
Voxel - Andy G. Cohen,producer,sample_01771,Rock,val
Voxel - Andy G. Cohen,songgen,sample_02059,Rock,val
Voxel - Andy G. Cohen,stableaudio,sample_02854,Rock,val
Voxel - Andy G. Cohen,suno,sample_02355,Rock,val
Voxel - Andy G. Cohen,udio,sample_02655,Rock,val
We Are Canucks - David Blair,acestep,sample_00569,Pop,train
We Are Canucks - David Blair,audioldm,sample_00737,Pop,train
We Are Canucks - David Blair,brev,sample_01072,Pop,train
We Are Canucks - David Blair,diffrhythm,sample_01365,Pop,train
We Are Canucks - David Blair,elevenlabs,sample_03127,Pop,train
We Are Canucks - David Blair,mubert,sample_01529,Pop,train
We Are Canucks - David Blair,musicgen,sample_03438,Pop,train
We Are Canucks - David Blair,producer,sample_01725,Pop,train
We Are Canucks - David Blair,songgen,sample_01957,Pop,train
We Are Canucks - David Blair,stableaudio,sample_02774,Pop,train
We Are Canucks - David Blair,suno,sample_02263,Pop,train
We Are Canucks - David Blair,udio,sample_02563,Pop,train
When I Was Taller - Dan Deacon,acestep,sample_00572,Electronic,train
When I Was Taller - Dan Deacon,audioldm,sample_00660,Electronic,train
When I Was Taller - Dan Deacon,brev,sample_00978,Electronic,train
When I Was Taller - Dan Deacon,diffrhythm,sample_01292,Electronic,train
When I Was Taller - Dan Deacon,elevenlabs,sample_03131,Electronic,train
When I Was Taller - Dan Deacon,mubert,sample_01508,Electronic,train
When I Was Taller - Dan Deacon,musicgen,sample_03441,Electronic,train
When I Was Taller - Dan Deacon,producer,sample_01677,Electronic,train
When I Was Taller - Dan Deacon,songgen,sample_01891,Electronic,train
When I Was Taller - Dan Deacon,stableaudio,sample_02716,Electronic,train
When I Was Taller - Dan Deacon,suno,sample_02169,Electronic,train
When I Was Taller - Dan Deacon,udio,sample_02469,Electronic,train
Who Loves You Dear - Mink Lungs,acestep,sample_00575,Rock,test
Who Loves You Dear - Mink Lungs,audioldm,sample_00797,Rock,test
Who Loves You Dear - Mink Lungs,brev,sample_01170,Rock,test
Who Loves You Dear - Mink Lungs,diffrhythm,sample_01473,Rock,test
Who Loves You Dear - Mink Lungs,elevenlabs,sample_03135,Rock,test
Who Loves You Dear - Mink Lungs,mubert,sample_01604,Rock,test
Who Loves You Dear - Mink Lungs,musicgen,sample_03444,Rock,test
Who Loves You Dear - Mink Lungs,producer,sample_01774,Rock,test
Who Loves You Dear - Mink Lungs,songgen,sample_02065,Rock,test
Who Loves You Dear - Mink Lungs,stableaudio,sample_02857,Rock,test
Who Loves You Dear - Mink Lungs,suno,sample_02361,Rock,test
Who Loves You Dear - Mink Lungs,udio,sample_02661,Rock,test
Wir Werden Gott - Japanische Kampfhorspiele,acestep,sample_00578,Rock,train
Wir Werden Gott - Japanische Kampfhorspiele,audioldm,sample_00778,Rock,train
Wir Werden Gott - Japanische Kampfhorspiele,brev,sample_01174,Rock,train
Wir Werden Gott - Japanische Kampfhorspiele,diffrhythm,sample_01476,Rock,train
Wir Werden Gott - Japanische Kampfhorspiele,elevenlabs,sample_03139,Rock,train
Wir Werden Gott - Japanische Kampfhorspiele,mubert,sample_01596,Rock,train
Wir Werden Gott - Japanische Kampfhorspiele,musicgen,sample_03446,Rock,train
Wir Werden Gott - Japanische Kampfhorspiele,producer,sample_01776,Rock,train
Wir Werden Gott - Japanische Kampfhorspiele,songgen,sample_02068,Rock,train
Wir Werden Gott - Japanische Kampfhorspiele,stableaudio,sample_02860,Rock,train
Wir Werden Gott - Japanische Kampfhorspiele,suno,sample_02365,Rock,train
Wir Werden Gott - Japanische Kampfhorspiele,udio,sample_02665,Rock,train
Ynkelig - Die Morgendammerung Des Valhalla,acestep,sample_00580,Rock,train
Ynkelig - Die Morgendammerung Des Valhalla,audioldm,sample_00775,Rock,train
Ynkelig - Die Morgendammerung Des Valhalla,brev,sample_01176,Rock,train
Ynkelig - Die Morgendammerung Des Valhalla,diffrhythm,sample_01477,Rock,train
Ynkelig - Die Morgendammerung Des Valhalla,elevenlabs,sample_03141,Rock,train
Ynkelig - Die Morgendammerung Des Valhalla,mubert,sample_01584,Rock,train
Ynkelig - Die Morgendammerung Des Valhalla,musicgen,sample_03448,Rock,train
Ynkelig - Die Morgendammerung Des Valhalla,producer,sample_01777,Rock,train
Ynkelig - Die Morgendammerung Des Valhalla,songgen,sample_02069,Rock,train
Ynkelig - Die Morgendammerung Des Valhalla,stableaudio,sample_02861,Rock,train
Ynkelig - Die Morgendammerung Des Valhalla,suno,sample_02367,Rock,train
Ynkelig - Die Morgendammerung Des Valhalla,udio,sample_02667,Rock,train
Yoko live at FoEG - Emma Acs,acestep,sample_00581,Pop,train
Yoko live at FoEG - Emma Acs,audioldm,sample_00726,Pop,train
Yoko live at FoEG - Emma Acs,brev,sample_01074,Pop,train
Yoko live at FoEG - Emma Acs,diffrhythm,sample_01367,Pop,train
Yoko live at FoEG - Emma Acs,elevenlabs,sample_03143,Pop,train
Yoko live at FoEG - Emma Acs,mubert,sample_01561,Pop,train
Yoko live at FoEG - Emma Acs,musicgen,sample_03449,Pop,train
Yoko live at FoEG - Emma Acs,producer,sample_01726,Pop,train
Yoko live at FoEG - Emma Acs,songgen,sample_01959,Pop,train
Yoko live at FoEG - Emma Acs,stableaudio,sample_02776,Pop,train
Yoko live at FoEG - Emma Acs,suno,sample_02265,Pop,train
Yoko live at FoEG - Emma Acs,udio,sample_02565,Pop,train
You Are A Monster - Monroeville Music Center,acestep,sample_00582,Pop,train
You Are A Monster - Monroeville Music Center,audioldm,sample_00877,Pop,train
You Are A Monster - Monroeville Music Center,brev,sample_01076,Pop,train
You Are A Monster - Monroeville Music Center,diffrhythm,sample_01368,Pop,train
You Are A Monster - Monroeville Music Center,elevenlabs,sample_03145,Pop,train
You Are A Monster - Monroeville Music Center,mubert,sample_01576,Pop,train
You Are A Monster - Monroeville Music Center,musicgen,sample_03450,Pop,train
You Are A Monster - Monroeville Music Center,producer,sample_01727,Pop,train
You Are A Monster - Monroeville Music Center,songgen,sample_01960,Pop,train
You Are A Monster - Monroeville Music Center,stableaudio,sample_02777,Pop,train
You Are A Monster - Monroeville Music Center,suno,sample_02267,Pop,train
You Are A Monster - Monroeville Music Center,udio,sample_02567,Pop,train
kolorowe wody - Katapulto,acestep,sample_00411,Pop,train
kolorowe wody - Katapulto,audioldm,sample_00734,Pop,train
kolorowe wody - Katapulto,brev,sample_01012,Pop,train
kolorowe wody - Katapulto,diffrhythm,sample_01314,Pop,train
kolorowe wody - Katapulto,elevenlabs,sample_03151,Pop,train
kolorowe wody - Katapulto,mubert,sample_01563,Pop,train
kolorowe wody - Katapulto,musicgen,sample_03280,Pop,train
kolorowe wody - Katapulto,producer,sample_01694,Pop,train
kolorowe wody - Katapulto,songgen,sample_01914,Pop,train
kolorowe wody - Katapulto,stableaudio,sample_02735,Pop,train
kolorowe wody - Katapulto,suno,sample_02203,Pop,train
kolorowe wody - Katapulto,udio,sample_02503,Pop,train
mc trabalenguas - Volumina,acestep,sample_00436,Pop,train
mc trabalenguas - Volumina,audioldm,sample_00735,Pop,train
mc trabalenguas - Volumina,brev,sample_01020,Pop,train
mc trabalenguas - Volumina,diffrhythm,sample_01320,Pop,train
mc trabalenguas - Volumina,elevenlabs,sample_03153,Pop,train
mc trabalenguas - Volumina,mubert,sample_01572,Pop,train
mc trabalenguas - Volumina,musicgen,sample_03305,Pop,train
mc trabalenguas - Volumina,producer,sample_01698,Pop,train
mc trabalenguas - Volumina,songgen,sample_01919,Pop,train
mc trabalenguas - Volumina,stableaudio,sample_02739,Pop,train
mc trabalenguas - Volumina,suno,sample_02211,Pop,train
mc trabalenguas - Volumina,udio,sample_02511,Pop,train
mystery team 2090 - Jesse Futerman,acestep,sample_00447,Electronic,val
mystery team 2090 - Jesse Futerman,audioldm,sample_00617,Electronic,val
mystery team 2090 - Jesse Futerman,brev,sample_00922,Electronic,val
mystery team 2090 - Jesse Futerman,diffrhythm,sample_01238,Electronic,val
mystery team 2090 - Jesse Futerman,elevenlabs,sample_03155,Electronic,val
mystery team 2090 - Jesse Futerman,mubert,sample_01514,Electronic,val
mystery team 2090 - Jesse Futerman,musicgen,sample_03316,Electronic,val
mystery team 2090 - Jesse Futerman,producer,sample_01649,Electronic,val
mystery team 2090 - Jesse Futerman,songgen,sample_01837,Electronic,val
mystery team 2090 - Jesse Futerman,stableaudio,sample_02689,Electronic,val
mystery team 2090 - Jesse Futerman,suno,sample_02113,Electronic,val
mystery team 2090 - Jesse Futerman,udio,sample_02413,Electronic,val
philcollins takes your hand - Katapulto,acestep,sample_00472,Pop,train
philcollins takes your hand - Katapulto,audioldm,sample_00714,Pop,train
philcollins takes your hand - Katapulto,brev,sample_01036,Pop,train
philcollins takes your hand - Katapulto,diffrhythm,sample_01335,Pop,train
philcollins takes your hand - Katapulto,elevenlabs,sample_03157,Pop,train
philcollins takes your hand - Katapulto,mubert,sample_01536,Pop,train
philcollins takes your hand - Katapulto,musicgen,sample_03341,Pop,train
philcollins takes your hand - Katapulto,producer,sample_01707,Pop,train
philcollins takes your hand - Katapulto,songgen,sample_01931,Pop,train
philcollins takes your hand - Katapulto,stableaudio,sample_02750,Pop,train
philcollins takes your hand - Katapulto,suno,sample_02227,Pop,train
philcollins takes your hand - Katapulto,udio,sample_02527,Pop,train
purity & danger - Katapulto,acestep,sample_00479,Pop,train
purity & danger - Katapulto,audioldm,sample_00745,Pop,train
purity & danger - Katapulto,brev,sample_01038,Pop,train
purity & danger - Katapulto,diffrhythm,sample_01338,Pop,train
purity & danger - Katapulto,elevenlabs,sample_03159,Pop,train
purity & danger - Katapulto,mubert,sample_01569,Pop,train
purity & danger - Katapulto,musicgen,sample_03348,Pop,train
purity & danger - Katapulto,producer,sample_01708,Pop,train
purity & danger - Katapulto,songgen,sample_01934,Pop,train
purity & danger - Katapulto,stableaudio,sample_02723,Pop,train
purity & danger - Katapulto,suno,sample_02229,Pop,train
purity & danger - Katapulto,udio,sample_02529,Pop,train
zero rhythm dollar boy - Katapulto,acestep,sample_00584,Pop,train
zero rhythm dollar boy - Katapulto,audioldm,sample_00719,Pop,train
zero rhythm dollar boy - Katapulto,brev,sample_01078,Pop,train
zero rhythm dollar boy - Katapulto,diffrhythm,sample_01369,Pop,train
zero rhythm dollar boy - Katapulto,elevenlabs,sample_03161,Pop,train
zero rhythm dollar boy - Katapulto,mubert,sample_01562,Pop,train
zero rhythm dollar boy - Katapulto,musicgen,sample_03452,Pop,train
zero rhythm dollar boy - Katapulto,producer,sample_01728,Pop,train
zero rhythm dollar boy - Katapulto,songgen,sample_01961,Pop,train
zero rhythm dollar boy - Katapulto,stableaudio,sample_02778,Pop,train
zero rhythm dollar boy - Katapulto,suno,sample_02269,Pop,train
zero rhythm dollar boy - Katapulto,udio,sample_02569,Pop,train
