condition,model,level,roc_auc,pr_auc,eer,balanced_accuracy,macro_f1,real_fpr,fake_miss_rate,threshold_used,tn,fp,fn,tp
original,RBF-SVM,track,0.964417453891138,0.9965453527668516,0.1395411605937921,0.8695906432748538,0.7501983425631358,0.1555555555555555,0.1052631578947368,0.8784699961277153,38,7,52,442
original,Log-Mel CNN,track,0.9772379667116508,0.997756168921893,0.1041610436347278,0.9110661268556006,0.8535212361208169,0.1333333333333333,0.0445344129554655,0.0935432016849517,39,6,22,472
original,MERT+LR,track,0.9845254161043635,0.9983362835855492,0.07381916329284749,0.9363247863247863,0.8786570743405275,0.08888888888888889,0.038461538461538464,0.5887511404871456,41,4,19,475
mp3_128,RBF-SVM,track,0.9535762483130904,0.9952768003097152,0.1324561403508771,0.8675888439046333,0.7692423924449108,0.1777777777777777,0.0870445344129554,0.8784699961277153,37,8,43,451
mp3_128,Log-Mel CNN,track,0.8954116059379218,0.987109884539043,0.1830184435447593,0.76259559154296,0.7764942835140098,0.4444444444444444,0.0303643724696356,0.0935432016849517,25,20,15,479
mp3_128,MERT+LR,track,0.9851102114260009,0.9984220621001632,0.07078272604588393,0.9444219523166891,0.9150351524322962,0.08888888888888889,0.022267206477732792,0.5887511404871456,41,4,11,483
mp3_64,RBF-SVM,track,0.9061628430049482,0.9882953467267188,0.1688484030589294,0.8493927125506073,0.7436581571374449,0.2,0.1012145748987854,0.8784699961277153,36,9,50,444
mp3_64,Log-Mel CNN,track,0.8256410256410256,0.9781941649896904,0.2891812865497076,0.7178587494376968,0.5429842913549773,0.2444444444444444,0.3198380566801619,0.0935432016849517,34,11,158,336
mp3_64,MERT+LR,track,0.9605038236617185,0.9957138982273696,0.1102114260008997,0.8484705353126406,0.8708920187793427,0.28888888888888886,0.01417004048582996,0.5887511404871456,32,13,7,487
