feature,mean_percentile,min_percentile,mean_f,group
mfcc_01_mean,0.8533834586466166,0.6654135338345865,25.93563070750764,MFCC
mfcc_01_std,0.5839598997493735,0.5526315789473685,9.808391529212665,MFCC
mfcc_02_mean,0.7694235588972432,0.5488721804511278,17.234689624874704,MFCC
mfcc_02_std,0.7581453634085212,0.5902255639097744,14.152397491604773,MFCC
mfcc_03_mean,0.8057644110275689,0.5150375939849624,23.285240468943787,MFCC
mfcc_03_std,0.7719298245614036,0.7368421052631579,15.04214455802804,MFCC
mfcc_04_mean,0.8922305764411028,0.7293233082706767,32.037957848783776,MFCC
mfcc_04_std,0.6390977443609023,0.48872180451127817,12.342558626343672,MFCC
mfcc_05_mean,0.8596491228070176,0.8082706766917294,22.695214164847656,MFCC
mfcc_05_std,0.7919799498746868,0.5037593984962406,21.715454513069016,MFCC
mfcc_06_mean,0.9411027568922306,0.9097744360902256,30.618372186072293,MFCC
mfcc_06_std,0.68796992481203,0.43609022556390975,15.214738142890392,MFCC
mfcc_07_mean,0.34711779448621555,0.3082706766917293,5.739664812778895,MFCC
mfcc_07_std,0.650375939849624,0.46616541353383456,12.565038301280614,MFCC
mfcc_08_mean,0.5350877192982456,0.4323308270676692,8.56077057108571,MFCC
mfcc_08_std,0.6491228070175439,0.5488721804511278,11.716063630569836,MFCC
mfcc_09_mean,0.7205513784461153,0.6428571428571429,13.642100428223126,MFCC
mfcc_09_std,0.5676691729323308,0.39849624060150374,10.248289281544464,MFCC
mfcc_10_mean,0.7631578947368421,0.5338345864661654,16.328658359917245,MFCC
mfcc_10_std,0.4197994987468672,0.24812030075187969,7.468102551902067,MFCC
mfcc_11_mean,0.9761904761904762,0.9661654135338346,40.175804978175485,MFCC
mfcc_11_std,0.5488721804511278,0.4473684210526316,10.622704554249013,MFCC
mfcc_12_mean,0.8095238095238094,0.5864661654135338,19.559452521497093,MFCC
mfcc_12_std,0.43734335839599,0.3082706766917293,7.884438251458214,MFCC
mfcc_13_mean,0.9799498746867168,0.9774436090225563,40.971061777846195,MFCC
mfcc_13_std,0.48370927318295737,0.45864661654135336,7.977995119297751,MFCC
mfcc_14_mean,0.4273182957393484,0.38721804511278196,7.178841385399726,MFCC
mfcc_14_std,0.4724310776942356,0.3383458646616541,7.700874555269459,MFCC
mfcc_15_mean,0.8596491228070176,0.7744360902255639,20.132273219676083,MFCC
mfcc_15_std,0.5576441102756892,0.40225563909774437,8.653007760305577,MFCC
mfcc_16_mean,0.5,0.40977443609022557,8.002995608056919,MFCC
mfcc_16_std,0.4711779448621554,0.3383458646616541,7.2663517763532495,MFCC
mfcc_17_mean,0.2656641604010025,0.19924812030075187,4.251692160866594,MFCC
mfcc_17_std,0.33709273182957394,0.2857142857142857,5.228426708733555,MFCC
mfcc_18_mean,0.47493734335839594,0.40601503759398494,8.6282444801462,MFCC
mfcc_18_std,0.4423558897243107,0.40601503759398494,7.328689684038827,MFCC
mfcc_19_mean,0.7731829573934837,0.6541353383458647,14.520837208900796,MFCC
mfcc_19_std,0.456140350877193,0.39473684210526316,7.443564782120589,MFCC
mfcc_20_mean,0.7581453634085213,0.5676691729323309,14.326718179892525,MFCC
mfcc_20_std,0.4962406015037594,0.38345864661654133,7.8886931209999895,MFCC
mfcc_21_mean,0.543859649122807,0.42105263157894735,8.66942729765356,MFCC
mfcc_21_std,0.39974937343358397,0.33458646616541354,6.5116331179798825,MFCC
mfcc_22_mean,0.2230576441102757,0.16541353383458646,3.261761377362017,MFCC
mfcc_22_std,0.36967418546365916,0.33458646616541354,6.193542354516343,MFCC
mfcc_23_mean,0.12656641604010024,0.09022556390977443,2.069486297048248,MFCC
mfcc_23_std,0.5037593984962406,0.37969924812030076,7.949632260895645,MFCC
mfcc_24_mean,0.34711779448621555,0.22556390977443608,5.3208662958804975,MFCC
mfcc_24_std,0.5338345864661654,0.4398496240601504,8.56654579344465,MFCC
mfcc_25_mean,0.5864661654135338,0.4323308270676692,9.001046480144014,MFCC
mfcc_25_std,0.39223057644110276,0.37218045112781956,6.821887975797094,MFCC
mfcc_26_mean,0.40852130325814534,0.3684210526315789,6.659636988850353,MFCC
mfcc_26_std,0.3621553884711779,0.2706766917293233,6.300413804611643,MFCC
mfcc_27_mean,0.974937343358396,0.9661654135338346,39.31740324881892,MFCC
mfcc_27_std,0.4598997493734336,0.41353383458646614,7.87019966925844,MFCC
mfcc_28_mean,0.7255639097744361,0.6278195488721805,13.81910652451746,MFCC
mfcc_28_std,0.4360902255639098,0.39473684210526316,7.500177810281021,MFCC
mfcc_29_mean,0.5952380952380952,0.46616541353383456,9.839507245003412,MFCC
mfcc_29_std,0.45363408521303256,0.41729323308270677,7.650145583720569,MFCC
mfcc_30_mean,0.2781954887218045,0.19172932330827067,4.275183623585444,MFCC
mfcc_30_std,0.3822055137844611,0.3533834586466165,6.6664762493910645,MFCC
mfcc_31_mean,0.16416040100250626,0.06015037593984962,2.534852968035351,MFCC
mfcc_31_std,0.406015037593985,0.33458646616541354,6.708907725252513,MFCC
mfcc_32_mean,0.18045112781954886,0.08646616541353383,3.03141122352673,MFCC
mfcc_32_std,0.418546365914787,0.3609022556390977,6.76190221825757,MFCC
mfcc_33_mean,0.2706766917293233,0.17293233082706766,4.248425732085262,MFCC
mfcc_33_std,0.4197994987468672,0.29699248120300753,6.7779627175593475,MFCC
mfcc_34_mean,0.6077694235588972,0.4548872180451128,10.020462613898172,MFCC
mfcc_34_std,0.5714285714285714,0.34210526315789475,10.09110746731129,MFCC
mfcc_35_mean,0.35714285714285715,0.29699248120300753,5.365627259742536,MFCC
mfcc_35_std,0.4786967418546366,0.2857142857142857,7.919470875087112,MFCC
mfcc_36_mean,0.14160401002506265,0.08646616541353383,2.2188466582774145,MFCC
mfcc_36_std,0.5075187969924811,0.41353383458646614,8.285874283467079,MFCC
mfcc_37_mean,0.3433583959899749,0.2706766917293233,5.13574339757817,MFCC
mfcc_37_std,0.630325814536341,0.518796992481203,10.204302498226893,MFCC
mfcc_38_mean,0.2719298245614035,0.2556390977443609,4.070417147566373,MFCC
mfcc_38_std,0.40726817042606517,0.2894736842105263,6.988212828762961,MFCC
mfcc_39_mean,0.3333333333333333,0.2669172932330827,5.561271065067996,MFCC
mfcc_39_std,0.5175438596491228,0.3233082706766917,8.14179639340478,MFCC
mfcc_40_mean,0.5476190476190476,0.3458646616541353,9.638103942426953,MFCC
mfcc_40_std,0.49122807017543857,0.2781954887218045,7.6095458967638265,MFCC
mfcc_delta2_01_mean,0.2932330827067669,0.2593984962406015,4.431580953463385,MFCC
mfcc_delta2_01_std,0.30701754385964913,0.19924812030075187,5.031459555696299,MFCC
mfcc_delta2_02_mean,0.3233082706766917,0.22180451127819548,5.215202388405573,MFCC
mfcc_delta2_02_std,0.3308270676691729,0.2932330827067669,5.18126832488004,MFCC
mfcc_delta2_03_mean,0.49122807017543857,0.31954887218045114,8.02998097641028,MFCC
mfcc_delta2_03_std,0.3746867167919799,0.2518796992481203,6.21136746564824,MFCC
mfcc_delta2_04_mean,0.49498746867167925,0.4699248120300752,8.124931759885174,MFCC
mfcc_delta2_04_std,0.5701754385964912,0.44360902255639095,9.741879912714712,MFCC
mfcc_delta2_05_mean,0.3233082706766917,0.23684210526315788,5.33012280202301,MFCC
mfcc_delta2_05_std,0.7894736842105262,0.6090225563909775,19.533388375193343,MFCC
mfcc_delta2_06_mean,0.2957393483709273,0.13157894736842105,4.955003491959416,MFCC
mfcc_delta2_06_std,0.7982456140350878,0.6578947368421053,17.955562546694782,MFCC
mfcc_delta2_07_mean,0.07268170426065163,0.022556390977443608,1.4943195892398535,MFCC
mfcc_delta2_07_std,0.7631578947368421,0.5827067669172933,16.782739605288786,MFCC
mfcc_delta2_08_mean,0.12030075187969924,0.06390977443609022,2.018069496051573,MFCC
mfcc_delta2_08_std,0.7293233082706766,0.575187969924812,15.483257983527244,MFCC
mfcc_delta2_09_mean,0.556390977443609,0.4924812030075188,9.687860157677862,MFCC
mfcc_delta2_09_std,0.8095238095238094,0.7105263157894737,17.229090398421718,MFCC
mfcc_delta2_10_mean,0.3233082706766917,0.24812030075187969,5.362913234354051,MFCC
mfcc_delta2_10_std,0.7844611528822055,0.6353383458646616,16.817993888317037,MFCC
mfcc_delta2_11_mean,0.7293233082706768,0.5488721804511278,14.585425681708069,MFCC
mfcc_delta2_11_std,0.788220551378446,0.5977443609022557,17.722620030943983,MFCC
mfcc_delta2_12_mean,0.34962406015037595,0.30451127819548873,5.792504210312465,MFCC
mfcc_delta2_12_std,0.7368421052631579,0.42857142857142855,17.072715569881638,MFCC
mfcc_delta2_13_mean,0.40852130325814534,0.2819548872180451,6.9039641687352145,MFCC
mfcc_delta2_13_std,0.7907268170426066,0.6804511278195489,16.60542048168794,MFCC
mfcc_delta2_14_mean,0.11904761904761903,0.06390977443609022,2.032153574450098,MFCC
mfcc_delta2_14_std,0.7418546365914787,0.5676691729323309,15.879016485462197,MFCC
mfcc_delta2_15_mean,0.14035087719298245,0.09022556390977443,2.207283257732268,MFCC
mfcc_delta2_15_std,0.6791979949874687,0.6165413533834586,12.183213293999344,MFCC
mfcc_delta2_16_mean,0.2192982456140351,0.12781954887218044,3.429207251236051,MFCC
mfcc_delta2_16_std,0.6604010025062657,0.6052631578947368,11.056365332970946,MFCC
mfcc_delta2_17_mean,0.2807017543859649,0.2669172932330827,4.243743853131179,MFCC
mfcc_delta2_17_std,0.6015037593984962,0.48120300751879697,10.346980040200808,MFCC
mfcc_delta2_18_mean,0.17919799498746866,0.13533834586466165,2.621000146615709,MFCC
mfcc_delta2_18_std,0.6177944862155389,0.5639097744360902,10.968651382988066,MFCC
mfcc_delta2_19_mean,0.3145363408521303,0.2857142857142857,5.172759177459182,MFCC
mfcc_delta2_19_std,0.656641604010025,0.5413533834586466,12.177412115110627,MFCC
mfcc_delta2_20_mean,0.23558897243107768,0.16917293233082706,3.6333710977937863,MFCC
mfcc_delta2_20_std,0.5463659147869674,0.47368421052631576,9.569523008577773,MFCC
mfcc_delta2_21_mean,0.2593984962406015,0.24436090225563908,3.997359564063135,MFCC
mfcc_delta2_21_std,0.6165413533834586,0.4849624060150376,11.112759444001348,MFCC
mfcc_delta2_22_mean,0.14786967418546365,0.13157894736842105,2.3119623919839456,MFCC
mfcc_delta2_22_std,0.7130325814536341,0.6541353383458647,13.150675564512424,MFCC
mfcc_delta2_23_mean,0.16165413533834586,0.07518796992481203,2.709168053478549,MFCC
mfcc_delta2_23_std,0.6190476190476191,0.5338345864661654,11.472044296135872,MFCC
mfcc_delta2_24_mean,0.22932330827067668,0.16917293233082706,3.5224363089266606,MFCC
mfcc_delta2_24_std,0.6340852130325815,0.5112781954887218,12.127802952832782,MFCC
mfcc_delta2_25_mean,0.19423558897243107,0.10150375939849623,2.9258498459411997,MFCC
mfcc_delta2_25_std,0.7017543859649122,0.650375939849624,13.161098360541892,MFCC
mfcc_delta2_26_mean,0.2330827067669173,0.16917293233082706,3.4537088416302564,MFCC
mfcc_delta2_26_std,0.7456140350877193,0.6842105263157895,14.924776976679668,MFCC
mfcc_delta2_27_mean,0.5075187969924811,0.38721804511278196,7.991537523039713,MFCC
mfcc_delta2_27_std,0.6829573934837093,0.6203007518796992,12.700643633386187,MFCC
mfcc_delta2_28_mean,0.11278195488721804,0.018796992481203006,2.007997298662906,MFCC
mfcc_delta2_28_std,0.6892230576441102,0.6466165413533834,12.954796417591309,MFCC
mfcc_delta2_29_mean,0.10150375939849625,0.0037593984962406013,1.7786762212934433,MFCC
mfcc_delta2_29_std,0.6215538847117794,0.5413533834586466,12.293099395323026,MFCC
mfcc_delta2_30_mean,0.11904761904761903,0.05263157894736842,2.0051283985007573,MFCC
mfcc_delta2_30_std,0.8095238095238096,0.7556390977443609,16.42744079091788,MFCC
mfcc_delta2_31_mean,0.2092731829573935,0.10902255639097744,3.0879778052102016,MFCC
mfcc_delta2_31_std,0.7631578947368421,0.7443609022556391,15.181966770718278,MFCC
mfcc_delta2_32_mean,0.20676691729323307,0.03759398496240601,3.5296855883187868,MFCC
mfcc_delta2_32_std,0.837092731829574,0.7481203007518797,17.76365834392629,MFCC
mfcc_delta2_33_mean,0.14786967418546365,0.05639097744360902,2.3136171324137624,MFCC
mfcc_delta2_33_std,0.8132832080200502,0.7030075187969925,17.08718865011514,MFCC
mfcc_delta2_34_mean,0.24812030075187966,0.14661654135338345,3.8819547888616164,MFCC
mfcc_delta2_34_std,0.7869674185463659,0.7180451127819549,15.585020518423072,MFCC
mfcc_delta2_35_mean,0.14411027568922305,0.10150375939849623,2.274238420216576,MFCC
mfcc_delta2_35_std,0.7142857142857143,0.5150375939849624,14.61121586971151,MFCC
mfcc_delta2_36_mean,0.07894736842105263,0.05639097744360902,1.5729024170550991,MFCC
mfcc_delta2_36_std,0.7418546365914787,0.5338345864661654,15.522413833467645,MFCC
mfcc_delta2_37_mean,0.11403508771929823,0.06015037593984962,1.935308383149584,MFCC
mfcc_delta2_37_std,0.6641604010025063,0.4473684210526316,13.235790732508931,MFCC
mfcc_delta2_38_mean,0.06892230576441102,0.0037593984962406013,1.4404243384757651,MFCC
mfcc_delta2_38_std,0.6553884711779449,0.40977443609022557,13.63982385228204,MFCC
mfcc_delta2_39_mean,0.2493734335839599,0.18796992481203006,3.8909660011229708,MFCC
mfcc_delta2_39_std,0.7418546365914787,0.5789473684210527,15.12606487943325,MFCC
mfcc_delta2_40_mean,0.07393483709273183,0.007518796992481203,1.4714424909411292,MFCC
mfcc_delta2_40_std,0.6942355889724311,0.4924812030075188,14.148488306533663,MFCC
mfcc_delta_01_mean,0.8884711779448621,0.793233082706767,24.957444406923468,MFCC
mfcc_delta_01_std,0.3182957393483709,0.18045112781954886,5.377739733162314,MFCC
mfcc_delta_02_mean,0.8170426065162907,0.6616541353383458,18.63264306948745,MFCC
mfcc_delta_02_std,0.38095238095238093,0.31203007518796994,6.403706394808864,MFCC
mfcc_delta_03_mean,0.4348370927318295,0.3157894736842105,6.797875951314752,MFCC
mfcc_delta_03_std,0.5037593984962406,0.2631578947368421,8.646714251501727,MFCC
mfcc_delta_04_mean,0.4022556390977443,0.2744360902255639,5.863001381282285,MFCC
mfcc_delta_04_std,0.6854636591478697,0.49624060150375937,13.770844053654322,MFCC
mfcc_delta_05_mean,0.20802005012531324,0.20300751879699247,2.972063386266562,MFCC
mfcc_delta_05_std,0.8884711779448621,0.7330827067669173,27.489602356842187,MFCC
mfcc_delta_06_mean,0.2794486215538847,0.18796992481203006,4.416837049235638,MFCC
mfcc_delta_06_std,0.87468671679198,0.7180451127819549,24.51138282521589,MFCC
mfcc_delta_07_mean,0.20551378446115287,0.10526315789473684,3.1554777311495243,MFCC
mfcc_delta_07_std,0.8421052631578947,0.6654135338345865,21.258366651372864,MFCC
mfcc_delta_08_mean,0.08270676691729323,0.0037593984962406013,1.544171133624124,MFCC
mfcc_delta_08_std,0.8258145363408521,0.6917293233082706,18.3181330688847,MFCC
mfcc_delta_09_mean,0.1729323308270677,0.06766917293233082,2.653222714314994,MFCC
mfcc_delta_09_std,0.8684210526315789,0.7669172932330827,19.91411349606447,MFCC
mfcc_delta_10_mean,0.19548872180451127,0.11654135338345864,2.9673714655159444,MFCC
mfcc_delta_10_std,0.8383458646616542,0.7218045112781954,18.92532766131807,MFCC
mfcc_delta_11_mean,0.08395989974937342,0.018796992481203006,1.5389116358213137,MFCC
mfcc_delta_11_std,0.8922305764411028,0.793233082706767,24.88395159807396,MFCC
mfcc_delta_12_mean,0.10651629072681705,0.02631578947368421,1.853647240169898,MFCC
mfcc_delta_12_std,0.8132832080200502,0.5939849624060151,19.718530513332514,MFCC
mfcc_delta_13_mean,0.11904761904761903,0.11654135338345864,1.919826218376749,MFCC
mfcc_delta_13_std,0.830827067669173,0.7781954887218046,17.529318380898758,MFCC
mfcc_delta_14_mean,0.08771929824561403,0.02631578947368421,1.6039800508529183,MFCC
mfcc_delta_14_std,0.8208020050125313,0.7518796992481203,17.528701314947018,MFCC
mfcc_delta_15_mean,0.06766917293233082,0.03007518796992481,1.397724166272728,MFCC
mfcc_delta_15_std,0.6729323308270677,0.5864661654135338,12.321678545296296,MFCC
mfcc_delta_16_mean,0.07017543859649122,0.041353383458646614,1.50646229344195,MFCC
mfcc_delta_16_std,0.6528822055137845,0.5827067669172933,11.017507036053443,MFCC
mfcc_delta_17_mean,0.16541353383458646,0.015037593984962405,2.7831677515352187,MFCC
mfcc_delta_17_std,0.6704260651629074,0.6015037593984962,11.187371453379791,MFCC
mfcc_delta_18_mean,0.02756892230576441,0.015037593984962405,1.0195871894900657,MFCC
mfcc_delta_18_std,0.6604010025062657,0.6127819548872181,11.515141079601912,MFCC
mfcc_delta_19_mean,0.21679197994987467,0.15413533834586465,3.0740946962627187,MFCC
mfcc_delta_19_std,0.6491228070175438,0.5864661654135338,11.471046932662796,MFCC
mfcc_delta_20_mean,0.11278195488721804,0.07142857142857142,1.9388277316454507,MFCC
mfcc_delta_20_std,0.5538847117794486,0.49624060150375937,10.173243497806832,MFCC
mfcc_delta_21_mean,0.1829573934837093,0.15413533834586465,2.7177664533746237,MFCC
mfcc_delta_21_std,0.5776942355889725,0.5225563909774437,10.757991326114338,MFCC
mfcc_delta_22_mean,0.10150375939849625,0.011278195488721804,1.8858499691959665,MFCC
mfcc_delta_22_std,0.6365914786967418,0.6240601503759399,11.180256747781696,MFCC
mfcc_delta_23_mean,0.07644110275689223,0.02631578947368421,1.5499287555557089,MFCC
mfcc_delta_23_std,0.6917293233082707,0.6203007518796992,12.703042874769396,MFCC
mfcc_delta_24_mean,0.041353383458646614,0.015037593984962405,1.1245780386805064,MFCC
mfcc_delta_24_std,0.6766917293233083,0.5375939849624061,13.046301708067865,MFCC
mfcc_delta_25_mean,0.05764411027568922,0.045112781954887216,1.3133381808058437,MFCC
mfcc_delta_25_std,0.706766917293233,0.6428571428571429,13.259072842830966,MFCC
mfcc_delta_26_mean,0.07268170426065163,0.011278195488721804,1.4343522241621125,MFCC
mfcc_delta_26_std,0.8032581453634086,0.7330827067669173,16.18900004287224,MFCC
mfcc_delta_27_mean,0.14035087719298245,0.09022556390977443,2.204470443600743,MFCC
mfcc_delta_27_std,0.6942355889724311,0.6278195488721805,13.796572031008592,MFCC
mfcc_delta_28_mean,0.13784461152882205,0.11278195488721804,2.1572081829402943,MFCC
mfcc_delta_28_std,0.7293233082706766,0.5601503759398496,15.015560900194709,MFCC
mfcc_delta_29_mean,0.042606516290726815,0.007518796992481203,1.0486736789693172,MFCC
mfcc_delta_29_std,0.7105263157894738,0.556390977443609,14.432554523256698,MFCC
mfcc_delta_30_mean,0.040100250626566414,0.022556390977443608,1.1126387184955557,MFCC
mfcc_delta_30_std,0.7907268170426066,0.6616541353383458,16.030841021247063,MFCC
mfcc_delta_31_mean,0.11528822055137844,0.10902255639097744,1.8840122916295325,MFCC
mfcc_delta_31_std,0.7318295739348372,0.5939849624060151,13.986280331379682,MFCC
mfcc_delta_32_mean,0.06516290726817042,0.03007518796992481,1.3950686169039936,MFCC
mfcc_delta_32_std,0.7493734335839598,0.5639097744360902,15.403271045290415,MFCC
mfcc_delta_33_mean,0.13157894736842105,0.07894736842105263,2.105668747281252,MFCC
mfcc_delta_33_std,0.7080200501253132,0.4398496240601504,14.945528612174916,MFCC
mfcc_delta_34_mean,0.13533834586466165,0.03383458646616541,2.1045644530343295,MFCC
mfcc_delta_34_std,0.7919799498746868,0.5451127819548872,17.803759418718457,MFCC
mfcc_delta_35_mean,0.09147869674185465,0.08270676691729323,1.6968599684662369,MFCC
mfcc_delta_35_std,0.7305764411027568,0.39097744360902253,16.88753512413147,MFCC
mfcc_delta_36_mean,0.07268170426065163,0.03759398496240601,1.4372123785839248,MFCC
mfcc_delta_36_std,0.7531328320802005,0.424812030075188,17.45352563577638,MFCC
mfcc_delta_37_mean,0.09899749373433582,0.06390977443609022,1.8190313163529674,MFCC
mfcc_delta_37_std,0.7293233082706768,0.42105263157894735,15.983926961557934,MFCC
mfcc_delta_38_mean,0.08771929824561403,0.04887218045112782,1.660299544708755,MFCC
mfcc_delta_38_std,0.6666666666666666,0.3308270676691729,14.157481827518959,MFCC
mfcc_delta_39_mean,0.07393483709273183,0.04887218045112782,1.5020710751370256,MFCC
mfcc_delta_39_std,0.6591478696741855,0.3458646616541353,14.007021502593636,MFCC
mfcc_delta_40_mean,0.07017543859649122,0.022556390977443608,1.3998928803946662,MFCC
mfcc_delta_40_std,0.6290726817042606,0.36466165413533835,12.116962783959332,MFCC
rms_mean,0.9899749373433583,0.9774436090225563,73.68522465113254,RMS
rms_std,0.9924812030075189,0.9887218045112782,57.857751079783576,RMS
spectral_bandwidth_mean,0.7807017543859649,0.6240601503759399,16.219813674842403,Bandwidth
spectral_bandwidth_std,0.8258145363408521,0.7030075187969925,18.133370214455326,Bandwidth
spectral_centroid_mean,0.8270676691729323,0.6127819548872181,23.087690672351613,Centroid
spectral_centroid_std,0.8759398496240601,0.7857142857142857,22.81657083028765,Centroid
spectral_contrast_01_mean,0.4511278195488722,0.3609022556390977,7.694838781608269,Contrast
spectral_contrast_01_std,0.20676691729323307,0.20300751879699247,2.9538358692201747,Contrast
spectral_contrast_02_mean,0.4598997493734336,0.34962406015037595,7.891907870871563,Contrast
spectral_contrast_02_std,0.40100250626566414,0.2744360902255639,6.8553913561237065,Contrast
spectral_contrast_03_mean,0.6616541353383458,0.34962406015037595,11.12274460262059,Contrast
spectral_contrast_03_std,0.46365914786967427,0.3383458646616541,8.364923036109774,Contrast
spectral_contrast_04_mean,0.5789473684210527,0.2518796992481203,8.727265296928177,Contrast
spectral_contrast_04_std,0.5275689223057644,0.3609022556390977,8.474942778037326,Contrast
spectral_contrast_05_mean,0.40100250626566414,0.22180451127819548,6.443230319028267,Contrast
spectral_contrast_05_std,0.5025062656641603,0.2593984962406015,7.893920516413442,Contrast
spectral_contrast_06_mean,0.6716791979949875,0.4473684210526316,11.125205755747617,Contrast
spectral_contrast_06_std,0.8057644110275689,0.6353383458646616,17.043745681458635,Contrast
spectral_contrast_07_mean,1.0,1.0,212.23092552045736,Contrast
spectral_contrast_07_std,0.918546365914787,0.849624060150376,28.869148625751205,Contrast
spectral_flatness_mean,0.9736842105263158,0.9699248120300752,37.652066200190966,Flatness
spectral_flatness_std,0.9862155388471178,0.9736842105263158,55.117081454866046,Flatness
spectral_rolloff_mean,0.7819548872180451,0.5714285714285714,17.27541068546625,Rolloff
spectral_rolloff_std,0.8007518796992481,0.6804511278195489,16.42019969963958,Rolloff
zcr_mean,0.8583959899749374,0.650375939849624,28.957584217961088,ZCR
zcr_std,0.8621553884711779,0.706766917293233,23.672385989844685,ZCR
