feature,group,anova_f,p_value
mfcc_01_mean,MFCC,64.10538454565494,1.7533016301961462e-107
mfcc_01_std,MFCC,24.264326210983356,1.3198067950971044e-44
mfcc_02_mean,MFCC,45.6867748940736,1.363946348497883e-80
mfcc_02_std,MFCC,37.2767222960807,3.9219674727879876e-67
mfcc_03_mean,MFCC,54.87847175310116,2.009057215621021e-94
mfcc_03_std,MFCC,38.14719088059634,1.453444899341237e-68
mfcc_04_mean,MFCC,78.90502826432856,6.4366805120266755e-127
mfcc_04_std,MFCC,32.45039516428061,4.9679224257457145e-59
mfcc_05_mean,MFCC,60.49687622179207,1.813323432378747e-102
mfcc_05_std,MFCC,51.82183284887245,6.4107274619231385e-90
mfcc_06_mean,MFCC,84.62886467726423,5.448199817809816e-134
mfcc_06_std,MFCC,34.121477700280856,7.211224483422567e-62
mfcc_07_mean,MFCC,14.304884764463685,7.268190331631134e-26
mfcc_07_std,MFCC,28.057276756049706,2.126720591693982e-51
mfcc_08_mean,MFCC,21.29426614034191,3.74904476318539e-39
mfcc_08_std,MFCC,25.397056383281498,1.1798405078356738e-46
mfcc_09_mean,MFCC,35.7077077655769,1.5709164751151562e-64
mfcc_09_std,MFCC,19.876597998970166,1.653867014225106e-36
mfcc_10_mean,MFCC,43.537552637696976,3.146350435098199e-77
mfcc_10_std,MFCC,13.950383877658563,3.556314524274382e-25
mfcc_11_mean,MFCC,110.00130158781992,8.125655539041178e-163
mfcc_11_std,MFCC,20.251274937054763,3.2882902816899094e-37
mfcc_12_mean,MFCC,53.88426219168523,5.7256791947795525e-93
mfcc_12_std,MFCC,13.842058349441531,5.780657357973996e-25
mfcc_13_mean,MFCC,116.57993150941667,1.0615853494892684e-169
mfcc_13_std,MFCC,15.842729389575885,7.692904430897053e-29
mfcc_14_mean,MFCC,19.087699713892093,5.030879246627679e-35
mfcc_14_std,MFCC,15.320553623547386,7.822476228329495e-28
mfcc_15_mean,MFCC,58.16429072453679,3.6512558992685734e-99
mfcc_15_std,MFCC,18.175647130030022,2.6694829542484353e-33
mfcc_16_mean,MFCC,22.19690009241723,8.017953520536369e-41
mfcc_16_std,MFCC,15.03610309110714,2.7756471863506975e-27
mfcc_17_mean,MFCC,10.6462487684004,1.0800038147518657e-18
mfcc_17_std,MFCC,9.136951697295263,1.0383321562144108e-15
mfcc_18_mean,MFCC,20.79026960005289,3.243687488345445e-38
mfcc_18_std,MFCC,15.257373394345908,1.0361699593496226e-27
mfcc_19_mean,MFCC,39.497258092745,9.133274535524783e-71
mfcc_19_std,MFCC,15.693492650387485,1.491541888668596e-28
mfcc_20_mean,MFCC,38.56782558242039,2.9791271790744063e-69
mfcc_20_std,MFCC,17.029956989497247,4.056191441619776e-31
mfcc_21_mean,MFCC,22.24668340681511,6.490565936758453e-41
mfcc_21_std,MFCC,14.020159483476691,2.6011671515279753e-25
mfcc_22_mean,MFCC,6.500653981945228,1.6292017525046892e-10
mfcc_22_std,MFCC,13.7537229050626,8.592323376185534e-25
mfcc_23_mean,MFCC,4.088393220461311,6.771929956078245e-06
mfcc_23_std,MFCC,16.114998202339862,2.302351551967909e-29
mfcc_24_mean,MFCC,13.985011324937414,3.0449817717876678e-25
mfcc_24_std,MFCC,17.237741475974698,1.6263557148899479e-31
mfcc_25_mean,MFCC,24.525094800409665,4.4397115769251076e-45
mfcc_25_std,MFCC,13.288890216395698,6.937334219776249e-24
mfcc_26_mean,MFCC,17.946371824312436,7.272689925940466e-33
mfcc_26_std,MFCC,11.734088301046839,7.756685566638479e-21
mfcc_27_mean,MFCC,107.8926535173757,1.458284740156599e-160
mfcc_27_std,MFCC,14.046306620013658,2.3135603806943373e-25
mfcc_28_mean,MFCC,39.37540221283617,1.4403695598516516e-70
mfcc_28_std,MFCC,12.810061184849184,5.994748537447003e-23
mfcc_29_mean,MFCC,23.97935794585377,4.351288153169811e-44
mfcc_29_std,MFCC,14.177426796946866,1.2858903612220538e-25
mfcc_30_mean,MFCC,9.535693927161248,1.689638806219568e-16
mfcc_30_std,MFCC,13.467144988178827,3.1123605013241393e-24
mfcc_31_mean,MFCC,4.550714453059147,9.274662863078297e-07
mfcc_31_std,MFCC,12.840081362305854,5.23587938243435e-23
mfcc_32_mean,MFCC,4.917852563452116,1.8710207488865142e-07
mfcc_32_std,MFCC,13.577191343127966,1.8982069553379584e-24
mfcc_33_mean,MFCC,8.764918816134132,5.6497476526242014e-15
mfcc_33_std,MFCC,12.188421414628047,9.925628929688922e-22
mfcc_34_mean,MFCC,24.584559065154362,3.4640686182390445e-45
mfcc_34_std,MFCC,16.922751114533472,6.502936817741875e-31
mfcc_35_mean,MFCC,14.241832866356637,9.637784065368947e-26
mfcc_35_std,MFCC,13.779962702561255,7.637839553384541e-25
mfcc_36_mean,MFCC,4.168612153904114,4.808470276941233e-06
mfcc_36_std,MFCC,14.521112913804558,2.7636279017814145e-26
mfcc_37_mean,MFCC,11.82255181928228,5.1962679081787145e-21
mfcc_37_std,MFCC,18.947731059430247,9.239281287930083e-35
mfcc_38_mean,MFCC,9.704554341895381,7.83270554041234e-17
mfcc_38_std,MFCC,13.296893751755306,6.69200667542531e-24
mfcc_39_mean,MFCC,15.188236199997663,1.4095523910048055e-27
mfcc_39_std,MFCC,15.666962271903154,1.6779573196949913e-28
mfcc_40_mean,MFCC,26.44422153827371,1.560058102316535e-48
mfcc_40_std,MFCC,15.83493820947601,7.963347194229148e-29
mfcc_delta_01_mean,MFCC,66.68066477738479,5.4252873577643876e-111
mfcc_delta_01_std,MFCC,5.972187743972864,1.7469186944246527e-09
mfcc_delta_02_mean,MFCC,51.81754819134689,6.5055793255379695e-90
mfcc_delta_02_std,MFCC,9.575351322777719,1.4105107811012743e-16
mfcc_delta_03_mean,MFCC,18.063166302287677,4.3639773800421136e-33
mfcc_delta_03_std,MFCC,16.213230787300354,1.490607813789853e-29
mfcc_delta_04_mean,MFCC,15.80251825788529,9.194796397912611e-29
mfcc_delta_04_std,MFCC,33.74985372956475,3.062986744771502e-61
mfcc_delta_05_mean,MFCC,7.907155087864852,2.797377365713137e-13
mfcc_delta_05_std,MFCC,64.8565612091684,1.6380861470986388e-108
mfcc_delta_06_mean,MFCC,10.346141987802344,4.2265122372458205e-18
mfcc_delta_06_std,MFCC,57.36582737250986,5.069868067881339e-98
mfcc_delta_07_mean,MFCC,5.899481196165693,2.418086185967677e-09
mfcc_delta_07_std,MFCC,49.489246070677204,2.0282486201952148e-86
mfcc_delta_08_mean,MFCC,2.2249572970059317,0.011582483745545385
mfcc_delta_08_std,MFCC,40.660930862557464,1.2022674576402519e-72
mfcc_delta_09_mean,MFCC,5.454771440662598,1.7521689572135998e-08
mfcc_delta_09_std,MFCC,42.02342062010178,7.905914656609131e-75
mfcc_delta_10_mean,MFCC,7.014550107296146,1.602063140393897e-11
mfcc_delta_10_std,MFCC,39.544648079405256,7.65121326634554e-71
mfcc_delta_11_mean,MFCC,2.710475545341508,0.001893300023365514
mfcc_delta_11_std,MFCC,48.772622960076994,2.4758721651937733e-85
mfcc_delta_12_mean,MFCC,4.007544157997463,9.551317282560055e-06
mfcc_delta_12_std,MFCC,41.01102582534764,3.2906593155074636e-73
mfcc_delta_13_mean,MFCC,4.70580351945143,4.7264328559801864e-07
mfcc_delta_13_std,MFCC,35.65142549484553,1.950158923672945e-64
mfcc_delta_14_mean,MFCC,2.7651026492354642,0.0015327254403950145
mfcc_delta_14_std,MFCC,35.45707737940993,4.117871464575678e-64
mfcc_delta_15_mean,MFCC,2.896879006573299,0.0009158871895735499
mfcc_delta_15_std,MFCC,22.03368844136072,1.6039648673943857e-40
mfcc_delta_16_mean,MFCC,2.5761214167518127,0.0031647354250035316
mfcc_delta_16_std,MFCC,21.905487167710497,2.766820061496614e-40
mfcc_delta_17_mean,MFCC,4.485265113737041,1.2314379147998965e-06
mfcc_delta_17_std,MFCC,23.695792399576483,1.4297368519234304e-43
mfcc_delta_18_mean,MFCC,1.1272985058900356,0.33583704261199226
mfcc_delta_18_std,MFCC,22.91753758255841,3.790793803140604e-42
mfcc_delta_19_mean,MFCC,6.61746931152088,9.625205846917187e-11
mfcc_delta_19_std,MFCC,24.713813936844673,2.0206852974482115e-45
mfcc_delta_20_mean,MFCC,2.981086668369832,0.0006566868531577122
mfcc_delta_20_std,MFCC,20.42029732633997,1.5889386252490927e-37
mfcc_delta_21_mean,MFCC,4.279762806904345,2.9864296158729728e-06
mfcc_delta_21_std,MFCC,22.09360892499324,1.24336309626522e-40
mfcc_delta_22_mean,MFCC,3.4179652290843197,0.0001123710532139517
mfcc_delta_22_std,MFCC,24.045861876571088,3.293123945496203e-44
mfcc_delta_23_mean,MFCC,2.575668398223914,0.0031701753976170447
mfcc_delta_23_std,MFCC,24.934723576096598,8.05261365730983e-46
mfcc_delta_24_mean,MFCC,1.5248983806952636,0.11680213531637831
mfcc_delta_24_std,MFCC,25.505032877793962,7.541019332968609e-47
mfcc_delta_25_mean,MFCC,3.2827197186573964,0.00019534961388416864
mfcc_delta_25_std,MFCC,27.626133526030955,1.2309022902734236e-50
mfcc_delta_26_mean,MFCC,2.2237383165525624,0.011633256064024882
mfcc_delta_26_std,MFCC,33.839508289975775,2.1599761860265672e-61
mfcc_delta_27_mean,MFCC,4.913376220265142,1.9080885743489865e-07
mfcc_delta_27_std,MFCC,25.98408860012843,1.0395585416936223e-47
mfcc_delta_28_mean,MFCC,4.1337091556253815,5.581747142464735e-06
mfcc_delta_28_std,MFCC,26.636007548717586,7.089999364005802e-49
mfcc_delta_29_mean,MFCC,1.8527150709957236,0.04185298269668878
mfcc_delta_29_std,MFCC,25.858423454667033,1.7470246444968951e-47
mfcc_delta_30_mean,MFCC,1.2422818302413259,0.2539697414971017
mfcc_delta_30_std,MFCC,31.88045446515867,4.7013924425598225e-58
mfcc_delta_31_mean,MFCC,3.622725876103764,4.8182995748839605e-05
mfcc_delta_31_std,MFCC,28.69104017440228,1.626622610349202e-52
mfcc_delta_32_mean,MFCC,1.5353678464641207,0.11324804528458302
mfcc_delta_32_std,MFCC,28.915244541665597,6.570448457959671e-53
mfcc_delta_33_mean,MFCC,3.5140450491276476,7.562826512966651e-05
mfcc_delta_33_std,MFCC,25.882094957908336,1.5842181238251888e-47
mfcc_delta_34_mean,MFCC,2.5818591424915356,0.00309661015986631
mfcc_delta_34_std,MFCC,31.82975096827375,5.744589093815231e-58
mfcc_delta_35_mean,MFCC,3.8441156284962115,1.906565007194248e-05
mfcc_delta_35_std,MFCC,29.17790143658788,2.276244138042678e-53
mfcc_delta_36_mean,MFCC,3.257527909163566,0.00021641376436637685
mfcc_delta_36_std,MFCC,30.209201525482946,3.616456048770378e-55
mfcc_delta_37_mean,MFCC,4.239048304412102,3.556551830624106e-06
mfcc_delta_37_std,MFCC,27.863637741514424,4.6759965815209256e-51
mfcc_delta_38_mean,MFCC,2.350197094866678,0.007352455187435833
mfcc_delta_38_std,MFCC,24.573998224843063,3.620117342086148e-45
mfcc_delta_39_mean,MFCC,2.786019668725696,0.0014131233540899781
mfcc_delta_39_std,MFCC,22.649009824571017,1.1796928180628126e-41
mfcc_delta_40_mean,MFCC,1.3981135250394825,0.16788553677487172
mfcc_delta_40_std,MFCC,20.183582982039127,4.401255382642e-37
mfcc_delta2_01_mean,MFCC,10.28870464257118,5.488271319485617e-18
mfcc_delta2_01_std,MFCC,6.0223334296024,1.3957347500322602e-09
mfcc_delta2_02_mean,MFCC,12.049657240842635,1.8591136521596945e-21
mfcc_delta2_02_std,MFCC,7.24398894908025,5.670845054484857e-12
mfcc_delta2_03_mean,MFCC,21.221217977690795,5.123122126413526e-39
mfcc_delta2_03_std,MFCC,11.111011388032129,1.308134821383822e-19
mfcc_delta2_04_mean,MFCC,22.777042603317586,6.863880495488708e-42
mfcc_delta2_04_std,MFCC,22.35974376295185,4.017601222431028e-41
mfcc_delta2_05_mean,MFCC,14.160828694933107,1.385106922022346e-25
mfcc_delta2_05_std,MFCC,47.31251036330559,4.210845133967156e-83
mfcc_delta2_06_mean,MFCC,10.118881076494366,1.1883756248739733e-17
mfcc_delta2_06_std,MFCC,43.8246147990939,1.110884620268631e-77
mfcc_delta2_07_mean,MFCC,2.2467367839384025,0.01071001701570014
mfcc_delta2_07_std,MFCC,40.89799454046804,4.998122828389728e-73
mfcc_delta2_08_mean,MFCC,4.0843014523799575,6.891026430538909e-06
mfcc_delta2_08_std,MFCC,35.704833247647905,1.5883594638220173e-64
mfcc_delta2_09_mean,MFCC,25.46992562692524,8.722030090282244e-47
mfcc_delta2_09_std,MFCC,39.0165965474039,5.5214216577543755e-70
mfcc_delta2_10_mean,MFCC,11.817462675458389,5.3173956305563845e-21
mfcc_delta2_10_std,MFCC,39.194343426283936,2.8363928086362664e-70
mfcc_delta2_11_mean,MFCC,37.305746786971625,3.5126869946154245e-67
mfcc_delta2_11_std,MFCC,40.09899772788003,9.686774034154182e-72
mfcc_delta2_12_mean,MFCC,13.656691337903307,1.3282543077517743e-24
mfcc_delta2_12_std,MFCC,39.95482283886529,1.6567937931125286e-71
mfcc_delta2_13_mean,MFCC,18.44251265502976,8.329999622439326e-34
mfcc_delta2_13_std,MFCC,35.148211642312134,1.3536276843926408e-63
mfcc_delta2_14_mean,MFCC,4.242029547065727,3.5113757025430723e-06
mfcc_delta2_14_std,MFCC,35.95706003555323,6.032969782093149e-65
mfcc_delta2_15_mean,MFCC,4.601574446005331,7.437811857320945e-07
mfcc_delta2_15_std,MFCC,26.330983018353002,2.4865292874088727e-48
mfcc_delta2_16_mean,MFCC,8.156971434576016,8.985249005292996e-14
mfcc_delta2_16_std,MFCC,25.090056298993506,4.2206161726749654e-46
mfcc_delta2_17_mean,MFCC,10.909891088665884,3.260081717300802e-19
mfcc_delta2_17_std,MFCC,24.342709196711404,9.51023696759516e-45
mfcc_delta2_18_mean,MFCC,5.382071574069333,2.4184436787614648e-08
mfcc_delta2_18_std,MFCC,25.443572196450546,9.728825759594843e-47
mfcc_delta2_19_mean,MFCC,13.222906323124402,9.33526857911733e-24
mfcc_delta2_19_std,MFCC,30.36109922247376,1.9701002477587645e-55
mfcc_delta2_20_mean,MFCC,9.454507856570565,2.4453192663861507e-16
mfcc_delta2_20_std,MFCC,22.095843146559755,1.2316154805370103e-40
mfcc_delta2_21_mean,MFCC,9.623165124354513,1.1345768567306684e-16
mfcc_delta2_21_std,MFCC,26.492783581319227,1.2775316370723008e-48
mfcc_delta2_22_mean,MFCC,5.025970285132335,1.1641208975958257e-07
mfcc_delta2_22_std,MFCC,32.387182374070306,6.371275989664133e-59
mfcc_delta2_23_mean,MFCC,3.975579089746542,1.0938588654129824e-05
mfcc_delta2_23_std,MFCC,26.331575578206472,2.4804685809095028e-48
mfcc_delta2_24_mean,MFCC,8.599593623421407,1.1991852914934098e-14
mfcc_delta2_24_std,MFCC,26.609815397483516,7.89572015760979e-49
mfcc_delta2_25_mean,MFCC,7.11287909401218,1.0267613557595432e-11
mfcc_delta2_25_std,MFCC,30.76522677987493,3.9274149370217533e-56
mfcc_delta2_26_mean,MFCC,8.303169651882595,4.620886111511542e-14
mfcc_delta2_26_std,MFCC,36.521940336862166,6.946892723238198e-66
mfcc_delta2_27_mean,MFCC,20.881890977733498,2.189923308167374e-38
mfcc_delta2_27_std,MFCC,28.422778302118708,4.821776846222179e-52
mfcc_delta2_28_mean,MFCC,4.330607000129722,2.4001077055315564e-06
mfcc_delta2_28_std,MFCC,28.348356638351834,6.520717643458955e-52
mfcc_delta2_29_mean,MFCC,2.4079458900597532,0.005943273907319148
mfcc_delta2_29_std,MFCC,26.465045329479473,1.431955914579173e-48
mfcc_delta2_30_mean,MFCC,2.736128683318081,0.0017147571355850758
mfcc_delta2_30_std,MFCC,38.78981090056191,1.293264969506349e-69
mfcc_delta2_31_mean,MFCC,5.890241598958103,2.520024456390971e-09
mfcc_delta2_31_std,MFCC,35.87722218445187,8.194503360574329e-65
mfcc_delta2_32_mean,MFCC,7.733885831255515,6.146013613354893e-13
mfcc_delta2_32_std,MFCC,40.732679020159836,9.216432175601212e-73
mfcc_delta2_33_mean,MFCC,4.4759690843257305,1.2819675896936345e-06
mfcc_delta2_33_std,MFCC,36.14216887592669,2.968122395532505e-65
mfcc_delta2_34_mean,MFCC,10.009637077973979,1.9536117945628784e-17
mfcc_delta2_34_std,MFCC,35.770944473195605,1.2321902269992583e-64
mfcc_delta2_35_mean,MFCC,3.9572333061437592,1.1822933741134193e-05
mfcc_delta2_35_std,MFCC,31.46503583517326,2.4336541837064437e-57
mfcc_delta2_36_mean,MFCC,1.4976632909505598,0.1264966577507662
mfcc_delta2_36_std,MFCC,32.958809177449986,6.744749698846492e-60
mfcc_delta2_37_mean,MFCC,3.0297337977046808,0.0005412033372432838
mfcc_delta2_37_std,MFCC,27.699428868887306,9.128966696244683e-51
mfcc_delta2_38_mean,MFCC,1.9673484271228783,0.02851084993139819
mfcc_delta2_38_std,MFCC,28.41003266226151,5.077529465662351e-52
mfcc_delta2_39_mean,MFCC,10.201393900612256,8.164340376227157e-18
mfcc_delta2_39_std,MFCC,31.297646058074694,4.7271183373647393e-57
mfcc_delta2_40_mean,MFCC,2.5143778589594388,0.0039955619719833245
mfcc_delta2_40_std,MFCC,27.679244244907217,9.911979349469487e-51
spectral_centroid_mean,Centroid,62.293577707542504,5.587732956060906e-105
spectral_centroid_std,Centroid,60.47835051276616,1.925394730209635e-102
spectral_bandwidth_mean,Bandwidth,44.698422336063565,4.7315906608017844e-79
spectral_bandwidth_std,Bandwidth,48.01586954750782,3.523889609305597e-84
spectral_rolloff_mean,Rolloff,47.88262020126248,5.632740021515653e-84
spectral_rolloff_std,Rolloff,41.38420155504884,8.298897512954262e-74
spectral_flatness_mean,Flatness,111.60492331990035,1.6270078156455069e-164
spectral_flatness_std,Flatness,158.59833192492076,4.042159906442517e-209
spectral_contrast_01_mean,Contrast,20.437088637230048,1.4782530875970392e-37
spectral_contrast_01_std,Contrast,7.392650379149417,2.891079445384842e-12
spectral_contrast_02_mean,Contrast,18.157918198756256,2.8844343683051162e-33
spectral_contrast_02_std,Contrast,14.591676158082777,2.0162551223125157e-26
spectral_contrast_03_mean,Contrast,25.89597930133824,1.4958903113283378e-47
spectral_contrast_03_std,Contrast,15.629965788427203,1.9775013803062552e-28
spectral_contrast_04_mean,Contrast,19.627997073135628,4.8416483409363905e-36
spectral_contrast_04_std,Contrast,15.411513978395352,5.219840186677952e-28
spectral_contrast_05_mean,Contrast,14.465575016737453,3.5423699683012406e-26
spectral_contrast_05_std,Contrast,16.168195803085798,1.8193180137088886e-29
spectral_contrast_06_mean,Contrast,27.744193140725102,7.606440527721764e-51
spectral_contrast_06_std,Contrast,41.80540403093057,1.760681262871972e-74
spectral_contrast_07_mean,Contrast,582.803141053295,0.0
spectral_contrast_07_std,Contrast,82.48436222690579,2.285447961320931e-131
rms_mean,RMS,195.28187066358396,1.8754274792062512e-238
rms_std,RMS,160.71951511876375,6.2587510300175026e-211
zcr_mean,ZCR,75.72646756056545,6.892384207593397e-123
zcr_std,ZCR,66.43203069250009,1.1770272502927545e-110
