original_audio,genre,track_id,title,artist,genre_top,license,duration,subset,candidate_count,license_allowed,license_fallback,genre_match
"10,000 People Chanting, ""I'm an Individual"" - Nihilore",Electronic,140932,"10,000 People Chanting, ""I'm an Individual""",Nihilore,Electronic,Creative Commons Attribution,372,medium,1,True,False,True
1984 - Punk Rock Opera,Rock,149410,1984,Punk Rock Opera,Rock,Attribution,200,medium,2,True,False,True
2 (Wasn't There) - Isle of Pine,Rock,66449,2 (Wasn't There),Isle of Pine,Rock,Attribution-NoDerivs 2.5 Canada,108,medium,1,True,False,True
2Much (Andy Spinelli & Alex Sánchez House Edit) - Tentacles,Electronic,114244,2Much (Andy Spinelli & Alex Sánchez House Edit),Tentacles,Electronic,Attribution,486,medium,1,True,False,True
3 am West End - statusq,Electronic,112378,3 am West End,statusq,Electronic,Attribution,291,medium,1,True,False,True
5 (Lexington) - Isle of Pine,Rock,66445,5 (Lexington),Isle of Pine,Rock,Attribution-NoDerivs 2.5 Canada,157,large,1,True,False,True
"50,000 Volts of Democracy mp3 - Legally Blind",Rock,130401,"50,000 Volts of Democracy mp3",Legally Blind,Rock,Attribution,270,medium,1,True,False,True
"6 (Coat of Arms, Close) - Isle of Pine",Rock,66446,"6 (Coat of Arms, Close)",Isle of Pine,Rock,Attribution-NoDerivs 2.5 Canada,204,large,1,True,False,True
A Dark Blue Arc - Pipe Choir,Rock,129963,A Dark Blue Arc,Pipe Choir,Rock,Attribution,327,medium,1,True,False,True
A Different World By Night - Nihilore,Electronic,140926,A Different World By Night,Nihilore,Electronic,Creative Commons Attribution,296,small,1,True,False,True
A Lady In Red With A Plan To Steal - Did You Just Hex Me?,Rock,74910,A Lady In Red With A Plan To Steal,Did You Just Hex Me?,Rock,Creative Commons Attribution,134,medium,1,True,False,True
Acoustic Unleashed - Remain,Electronic,141875,Acoustic Unleashed,Remain,Electronic,Attribution,216,small,1,True,False,True
Ad Astra - P C III,Electronic,111819,Ad Astra,P C III,Electronic,Attribution,113,small,1,True,False,True
Agora - Malaventura,Pop,113019,Agora,Malaventura,Pop,Public Domain Mark 1.0,250,small,1,True,False,True
All of Us - Eric Skiff,Electronic,47071,All of Us,Eric Skiff,Electronic,Creative Commons Attribution,177,small,1,True,False,True
Ancient Whispers I - P C III,Electronic,111821,Ancient Whispers I,P C III,Electronic,Attribution,490,medium,1,True,False,True
And Over The Rainbows - milky-chu,Electronic,144723,And Over The Rainbows,milky-chu,Electronic,Attribution,233,medium,1,True,False,True
Apparitions Under Glass - Sarin,Rock,113526,Apparitions Under Glass,Sarin,Rock,Attribution-NoDerivatives 4.0 International,216,medium,1,False,True,True
"Aquamarine, My Distant Blue - Nihilore",Electronic,134150,"Aquamarine, My Distant Blue",Nihilore,Electronic,Creative Commons Attribution,141,large,2,True,False,True
Artificial anxiety - Michett,Electronic,130129,Artificial anxiety,Michett,Electronic,Attribution,288,small,1,True,False,True
As Nihilism Gives Way To Existentialism - Nihilore,Electronic,134148,As Nihilism Gives Way To Existentialism,Nihilore,Electronic,Creative Commons Attribution,335,large,2,True,False,True
Attention - Pete Prodoehl,Rock,118048,Attention,Pete Prodoehl,Rock,Attribution,112,medium,1,True,False,True
Authenticity - Nihilore,Electronic,140924,Authenticity,Nihilore,Electronic,Creative Commons Attribution,294,small,1,True,False,True
Autobahn - S-B-J,Electronic,137049,Autobahn,S-B-J,Electronic,Attribution,238,medium,1,True,False,True
"Autopsy - Oh Yeah, the Future",Pop,127294,Autopsy,"Oh Yeah, the Future",Pop,Attribution,219,small,1,True,False,True
Bergwald Bergwald - Every Now and Every Then,Rock,138061,Bergwald Bergwald,Every Now and Every Then,Rock,Attribution,216,small,1,True,False,True
Better Run Away From Me - Miss Derringer,Rock,3956,Better Run Away From Me,Miss Derringer,Rock,Attribution,158,medium,1,True,False,True
Beyond Luxury - Mors Ontologica,Rock,4003,Beyond Luxury,Mors Ontologica,Rock,Attribution,184,large,1,True,False,True
Bizzy - The Tleilaxu Music Machine,Electronic,1881,Bizzy,The Tleilaxu Music Machine,Electronic,Attribution,253,large,1,True,False,True
Black Panda - The Crypts!,Rock,131153,Black Panda,The Crypts!,Rock,Attribution,144,medium,1,True,False,True
Breathe New Life - Scott Holmes,Rock,114396,Breathe New Life,Scott Holmes,Rock,Attribution,111,small,1,True,False,True
Breeze Funk - Malaventura,Pop,113025,Breeze Funk,Malaventura,Pop,Public Domain Mark 1.0,222,small,1,True,False,True
Burn - Room For A Ghost,Rock,61491,Burn,Room For A Ghost,Rock,Creative Commons Attribution,197,small,1,True,False,True
Busby Berkeley - Ergo Phizmiz,Pop,22472,Busby Berkeley,Ergo Phizmiz,Pop,Attribution 3.0 United States,201,small,1,True,False,True
Cassie Lace - The Zombie Dandies,Rock,147384,Cassie Lace,The Zombie Dandies,Rock,Attribution,158,large,1,True,False,True
Celia - Ergo Phizmiz,Pop,22480,Celia,Ergo Phizmiz,Pop,Attribution 3.0 United States,238,small,1,True,False,True
Chipho instrumental - RoccoW,Electronic,74900,Chipho instrumental,RoccoW,Electronic,Attribution,110,large,1,True,False,True
Clay Heart - Nihilore,Electronic,145816,Clay Heart,Nihilore,Electronic,Creative Commons Attribution,137,medium,1,True,False,True
Cloudy - Subway Sonicbeat,Electronic,71506,Cloudy,Subway Sonicbeat,Electronic,Creative Commons Attribution,137,small,1,True,False,True
Cold Chains - Rolemusic,Electronic,114004,Cold Chains,Rolemusic,Electronic,Attribution 3.0 International,222,large,1,True,False,True
Coliidae - K.D. Expression,Electronic,33636,Coliidae,K.D. Expression,Electronic,Attribution-NoDerivatives 3.0 International,221,large,1,False,True,True
Colossal Stillness - Scott Holmes,Rock,114404,Colossal Stillness,Scott Holmes,Rock,Attribution,270,small,1,True,False,True
Convicted Jazz Drones - Malaventura,Pop,113028,Convicted Jazz Drones,Malaventura,Pop,Public Domain Mark 1.0,276,small,1,True,False,True
CopperNickle - UncleBibby,Electronic,107429,CopperNickle,UncleBibby,Electronic,Attribution,144,small,1,True,False,True
Crossing - Los Llamarada,Rock,28753,Crossing,Los Llamarada,Rock,Attribution-NoDerivatives 3.0 International,255,large,1,False,True,True
Dance Harder - Three Chain Links,Electronic,123920,Dance Harder,Three Chain Links,Electronic,Attribution,212,medium,1,True,False,True
Dance of the Martians (SynthStep Edit) - Maxim Kornyshev,Electronic,136338,Dance of the Martians (SynthStep Edit),Maxim Kornyshev,Electronic,Attribution-NoDerivatives 4.0 International,231,medium,1,False,True,True
Daylight Savings - My brother Daniel,Electronic,117280,Daylight Savings,My brother Daniel,Electronic,Attribution-NoDerivatives 4.0 International,172,medium,1,False,True,True
Demolition - Michett,Rock,130608,Demolition,Michett,Rock,Attribution,264,large,1,True,False,True
Different Day - First,Pop,13197,Different Day,First,Pop,Attribution-No Derivative Works 2.5 Italy,298,small,1,True,False,True
Digital Lightning - Cloudkicker,Rock,112315,Digital Lightning,Cloudkicker,Rock,Attribution,300,small,1,True,False,True
Don't want to be your man - Frigg A Go Go (F.A.G.G.),Rock,5289,Don't want to be your man,Frigg A Go Go (F.A.G.G.),Rock,Attribution,196,large,1,True,False,True
Dr Deimos-Scribble - Mizuki's Last Chance/Dr Deimos,Electronic,74363,Dr Deimos-Scribble,Mizuki's Last Chance/Dr Deimos,Electronic,Attribution-NoDerivs 2.0 UK: England & Wales,255,medium,1,True,False,True
Dr. Bodysnatcher - Modey Lemon,Rock,3988,Dr. Bodysnatcher,Modey Lemon,Rock,Attribution,352,large,1,True,False,True
Dreams - ENDRUDARK,Electronic,89814,Dreams,ENDRUDARK,Electronic,Creative Commons Attribution,285,small,1,True,False,True
Edge - Mystery Mammal,Electronic,143051,Edge,Mystery Mammal,Electronic,Attribution,172,large,1,True,False,True
El Burrito - Malaventura,Pop,113021,El Burrito,Malaventura,Pop,Public Domain Mark 1.0,186,small,1,True,False,True
Electric Girlfriend - The Zombie Dandies,Rock,147380,Electric Girlfriend,The Zombie Dandies,Rock,Attribution,202,medium,1,True,False,True
Empower Thee - vargero,Electronic,71505,Empower Thee,vargero,Electronic,Creative Commons Attribution,108,medium,1,True,False,True
Empty Pockets - Pete Prodoehl,Rock,118055,Empty Pockets,Pete Prodoehl,Rock,Attribution,118,medium,1,True,False,True
End of the Line - H-LR,Electronic,145916,End of the Line,H-LR,Electronic,Attribution,283,medium,1,True,False,True
End titles - Itsensäsyöjät,Electronic,154926,End titles,Itsensäsyöjät,Electronic,Attribution,115,medium,1,True,False,True
Endless - The Birth and Death of Silence,Electronic,150311,Endless,The Birth and Death of Silence,Electronic,Attribution,236,medium,1,True,False,True
Enemy - Modey Lemon,Rock,3976,Enemy,Modey Lemon,Rock,Attribution,226,medium,1,True,False,True
Enthalpy - Rolemusic,Electronic,108855,Enthalpy,Rolemusic,Electronic,Attribution 3.0 International,337,large,1,True,False,True
Evil Cannot Create - Caleb Lemond,Pop,135341,Evil Cannot Create,Caleb Lemond,Pop,Attribution,196,small,1,True,False,True
Eyes Getting Louder - Mod Fun,Rock,3966,Eyes Getting Louder,Mod Fun,Rock,Attribution,191,large,1,True,False,True
Fear - Los Fancy Free,Rock,3857,Fear,Los Fancy Free,Rock,Attribution,197,medium,1,True,False,True
Fifth Ramble - From the album Keith [RSVP007] - My brother Daniel,Electronic,60834,Fifth Ramble - From the album Keith [RSVP007],My brother Daniel,Electronic,Attribution-NoDerivatives 3.0 International,735,large,1,False,True,True
"First Glance - Oh Yeah, the Future",Pop,127296,First Glance,"Oh Yeah, the Future",Pop,Attribution,201,small,1,True,False,True
Five 40 Derby/Slow Whistle - The Crypts!,Rock,131164,Five 40 Derby/Slow Whistle,The Crypts!,Rock,Attribution,230,medium,1,True,False,True
Flashback - Seclorance,Electronic,140324,Flashback,Seclorance,Electronic,Attribution,106,medium,1,True,False,True
Fleslit - Fleslit,Electronic,145801,Fleslit,Fleslit,Electronic,Attribution,189,medium,1,True,False,True
Fly 2 - Andre Jetson,Electronic,152326,Fly 2,Andre Jetson,Electronic,Attribution,244,medium,1,True,False,True
Food and War - Ergo Phizmiz,Pop,22473,Food and War,Ergo Phizmiz,Pop,Attribution 3.0 United States,207,small,1,True,False,True
Forest Silence - Serpentarivm,Rock,149695,Forest Silence,Serpentarivm,Rock,Attribution,402,medium,1,True,False,True
Formic Acid for Blood - Punk Rock Opera,Rock,149414,Formic Acid for Blood,Punk Rock Opera,Rock,Attribution,115,medium,1,True,False,True
Four and a Half Tatami - Nihilore,Electronic,132442,Four and a Half Tatami,Nihilore,Electronic,Attribution,349,medium,1,True,False,True
Fridge - Railkid Station,Rock,94342,Fridge,Railkid Station,Rock,Attribution-NoDerivatives 3.0 International,93,medium,1,False,True,True
Fuckaboing - RoccoW,Electronic,106336,Fuckaboing,RoccoW,Electronic,Attribution,186,large,1,True,False,True
Gila Monster Flop/Music History Lesson:The Sonics - The Crypts!,Rock,131168,Gila Monster Flop/Music History Lesson:The Sonics,The Crypts!,Rock,Attribution,260,large,1,True,False,True
Gloomy Sunday - AmortE,Rock,36708,Gloomy Sunday,AmortE,Rock,Attribution 3.0 Netherlands,162,large,1,True,False,True
"Go On, Then - Jim Rooster",Electronic,121722,"Go On, Then",Jim Rooster,Electronic,Attribution,119,medium,1,True,False,True
Hahaha - The Moi Non Plus,Rock,4385,Hahaha,The Moi Non Plus,Rock,Attribution,252,large,1,True,False,True
Half a Doubt - Droopies,Rock,127558,Half a Doubt,Droopies,Rock,Attribution,161,medium,1,True,False,True
Hammer and a Nail - Vienna Ditto,Electronic,147303,Hammer and a Nail,Vienna Ditto,Electronic,Attribution,210,medium,1,True,False,True
Happy - Lamprey,Rock,135370,Happy,Lamprey,Rock,Attribution,209,small,1,True,False,True
"Head of Ancante, Talking Tree - Ak'chamel, The Giver of Illness",Rock,135209,"Head of Ancante, Talking Tree","Ak'chamel, The Giver of Illness",Rock,Attribution-NoDerivatives 4.0 International,583,large,1,False,True,True
Hisko Detria - Hisko Detria,Rock,67162,Hisko Detria,Hisko Detria,Rock,Creative Commons Attribution,785,large,1,True,False,True
"Hungry - Oh Yeah, the Future",Pop,127295,Hungry,"Oh Yeah, the Future",Pop,Attribution,237,small,1,True,False,True
I - Inflammator,Rock,141892,I,Inflammator,Rock,Attribution,219,medium,1,True,False,True
I - Nocturnal Mayhem,Rock,141877,I,Nocturnal Mayhem,Rock,Attribution,310,small,1,True,False,True
I Can See Everything - Mod Fun,Rock,3961,I Can See Everything,Mod Fun,Rock,Attribution,264,large,1,True,False,True
I Close My Eyes - Miss Derringer,Rock,3959,I Close My Eyes,Miss Derringer,Rock,Attribution,167,medium,1,True,False,True
I Dream So Vividly - Uninhabitable Mansions,Rock,5148,I Dream So Vividly,Uninhabitable Mansions,Rock,Attribution,230,medium,1,True,False,True
I Fell - Mod Fun,Rock,3962,I Fell,Mod Fun,Rock,Attribution,232,large,1,True,False,True
I Know His Blood - Vienna Ditto,Electronic,107616,I Know His Blood,Vienna Ditto,Electronic,Attribution,238,small,2,True,False,True
I Think From Now On - Caleb Lemond,Pop,135339,I Think From Now On,Caleb Lemond,Pop,Attribution,233,small,1,True,False,True
I'm gonna try to reach - Los Llamarada,Rock,28763,I'm gonna try to reach,Los Llamarada,Rock,Attribution-NoDerivatives 3.0 International,98,large,2,False,True,True
If You're Ther - Nicola Ratti,Electronic,24925,If You're Ther,Nicola Ratti,Electronic,Attribution 3.0 United States,361,medium,1,True,False,True
Improvisation - Broken Chord,Electronic,33630,Improvisation,Broken Chord,Electronic,Attribution-NoDerivatives 3.0 International,161,large,1,False,True,True
Infinite Light - Pipe Choir,Rock,129968,Infinite Light,Pipe Choir,Rock,Attribution,296,small,1,True,False,True
Insectlaration of Independence - Punk Rock Opera,Rock,149413,Insectlaration of Independence,Punk Rock Opera,Rock,Attribution,283,medium,1,True,False,True
Introduction beats - Itsensäsyöjät,Electronic,154920,Introduction beats,Itsensäsyöjät,Electronic,Attribution,115,medium,1,True,False,True
Invaders From Within - Monroeville Music Center,Pop,91160,Invaders From Within,Monroeville Music Center,Pop,Creative Commons Attribution,136,small,1,True,False,True
It Can't Be Bargained With - Three Chain Links,Electronic,123918,It Can't Be Bargained With,Three Chain Links,Electronic,Attribution,184,medium,1,True,False,True
Jangus (inspired by ToeJam and Earl) - UncleBibby,Electronic,107435,Jangus (inspired by ToeJam and Earl),UncleBibby,Electronic,Attribution,134,small,1,True,False,True
John the Baby - Ergo Phizmiz,Pop,22474,John the Baby,Ergo Phizmiz,Pop,Attribution 3.0 United States,285,small,1,True,False,True
Johnny I Lie - The Moi Non Plus,Rock,4383,Johnny I Lie,The Moi Non Plus,Rock,Attribution,147,large,1,True,False,True
KISS my Boots - The Zombie Dandies,Rock,147416,KISS my Boots,The Zombie Dandies,Rock,Attribution,153,medium,1,True,False,True
KOMFORT - voyageurs,Rock,42772,KOMFORT,voyageurs,Rock,Attribution 3.0 International,306,medium,2,True,False,True
Key trick - Krisa,Electronic,23573,Key trick,Krisa,Electronic,Attribution,204,large,1,True,False,True
Killing Bosses - Gumbel,Electronic,116881,Killing Bosses,Gumbel,Electronic,Attribution,244,small,1,True,False,True
Kissing Scars - Caleb Lemond,Pop,135340,Kissing Scars,Caleb Lemond,Pop,Attribution,171,small,1,True,False,True
Kumorizoranohajimarutokoro - Hosomi,Electronic,24921,Kumorizoranohajimarutokoro,Hosomi,Electronic,Attribution 3.0 United States,345,medium,1,True,False,True
L'arbre - Salmo,Rock,122680,L'arbre,Salmo,Rock,Attribution,489,medium,1,True,False,True
LIQUID SKULLS - voyageurs,Rock,42787,LIQUID SKULLS,voyageurs,Rock,Attribution 3.0 International,177,medium,1,True,False,True
La Nina Blanca - Vienna Ditto,Electronic,107617,La Nina Blanca,Vienna Ditto,Electronic,Attribution,263,small,1,True,False,True
"Lackadaisical - Oh Yeah, the Future",Pop,127300,Lackadaisical,"Oh Yeah, the Future",Pop,Attribution,174,small,1,True,False,True
Lady Love - Parsley Flakes,Rock,1382,Lady Love,Parsley Flakes,Rock,Attribution,130,medium,1,True,False,True
Laika - NGC 1365,Electronic,33629,Laika,NGC 1365,Electronic,Attribution-NoDerivatives 3.0 International,206,large,1,False,True,True
Leaving Here - Mod Fun,Rock,3971,Leaving Here,Mod Fun,Rock,Attribution,145,large,1,True,False,True
Let You're Body Move - D SMILEZ,Electronic,136017,Let You're Body Move,D SMILEZ,Electronic,Attribution,300,large,2,True,False,True
Let's Start Out Slow - RoccoW,Electronic,58483,Let's Start Out Slow,RoccoW,Electronic,Attribution,123,large,1,True,False,True
Let's the kids play - Malaventura,Pop,113022,Let's the kids play,Malaventura,Pop,Public Domain Mark 1.0,169,small,1,True,False,True
Liar Liar Quietly - Vienna Ditto,Electronic,147299,Liar Liar Quietly,Vienna Ditto,Electronic,Attribution,334,medium,1,True,False,True
Liberation is not Easy - Frigg A Go Go (F.A.G.G.),Rock,5285,Liberation is not Easy,Frigg A Go Go (F.A.G.G.),Rock,Attribution,161,medium,1,True,False,True
Liberosis - Nihilore,Electronic,132445,Liberosis,Nihilore,Electronic,Attribution,250,medium,1,True,False,True
Lights Up - Pipe Choir,Rock,129962,Lights Up,Pipe Choir,Rock,Attribution,324,small,1,True,False,True
Little Fingers - Vienna Ditto,Electronic,107483,Little Fingers,Vienna Ditto,Electronic,Attribution,242,medium,1,True,False,True
Lost In The Music (D-Smilez Mix) - D SMILEZ,Electronic,136016,Lost In The Music (D-Smilez Mix),D SMILEZ,Electronic,Attribution,416,large,2,True,False,True
Lost Paradise - Autumn Interlude,Rock,149488,Lost Paradise,Autumn Interlude,Rock,Attribution,92,small,1,True,False,True
Love Dream - The Zombie Dandies,Rock,147377,Love Dream,The Zombie Dandies,Rock,Attribution,146,medium,1,True,False,True
Loved Ones - Rowan Box,Electronic,148802,Loved Ones,Rowan Box,Electronic,Attribution,3682,large,2,True,False,True
"Lovedreams - Oh Yeah, the Future",Pop,127298,Lovedreams,"Oh Yeah, the Future",Pop,Attribution,200,small,1,True,False,True
Mandrill - Ergo Phizmiz,Pop,22479,Mandrill,Ergo Phizmiz,Pop,Attribution 3.0 United States,216,small,1,True,False,True
March of the GPA Mechanics - [t]ghost,Rock,149755,March of the GPA Mechanics,[t]ghost,Rock,Attribution,186,medium,1,True,False,True
Mettle - Pipe Choir,Rock,129972,Mettle,Pipe Choir,Rock,Attribution,263,small,1,True,False,True
Millitary Industrial Complex - Punk Rock Opera,Rock,149416,Millitary Industrial Complex,Punk Rock Opera,Rock,Attribution,130,small,1,True,False,True
Moja Krypta - AmortE,Rock,36707,Moja Krypta,AmortE,Rock,Attribution 3.0 Netherlands,222,large,1,True,False,True
Monkeystage - Ergo Phizmiz,Pop,22477,Monkeystage,Ergo Phizmiz,Pop,Attribution 3.0 United States,235,small,2,True,False,True
Moontime - The IMG,Rock,129265,Moontime,The IMG,Rock,Attribution,330,medium,1,True,False,True
Morning Bell - Nihilore,Electronic,140922,Morning Bell,Nihilore,Electronic,Creative Commons Attribution,240,small,1,True,False,True
Mosque - Sarin,Rock,113660,Mosque,Sarin,Rock,Attribution-NoDerivatives 4.0 International,307,large,1,False,True,True
Motocross Mania - Monroeville Music Center,Pop,91162,Motocross Mania,Monroeville Music Center,Pop,Creative Commons Attribution,133,small,1,True,False,True
Mountain Mist - Modey Lemon,Rock,3974,Mountain Mist,Modey Lemon,Rock,Attribution,295,medium,1,True,False,True
Music For an Underground Circu - Ergo Phizmiz,Pop,22476,Music For an Underground Circu,Ergo Phizmiz,Pop,Attribution 3.0 United States,311,small,1,True,False,True
My Body Is A Weapon (Compromise Edit) - Silence is full of birds,Pop,68666,My Body Is A Weapon (Compromise Edit),Silence is full of birds,Pop,Attribution,232,large,1,True,False,True
Natron Queen - AmortE,Rock,36706,Natron Queen,AmortE,Rock,Attribution 3.0 Netherlands,326,large,1,True,False,True
Nature Is Over / Defined - Bird Names,Pop,6792,Nature Is Over / Defined,Bird Names,Pop,Attribution,430,large,1,True,False,True
"New Brave Face - Oh Yeah, the Future",Pop,127301,New Brave Face,"Oh Yeah, the Future",Pop,Attribution,238,small,1,True,False,True
New Life (take 1) - Bird Names,Pop,6789,New Life (take 1),Bird Names,Pop,Attribution,187,large,1,True,False,True
Niche Dreams - Square People,Rock,75787,Niche Dreams,Square People,Rock,Attribution 3.0 International,120,small,1,True,False,True
Night Drive - Decktonic,Electronic,72075,Night Drive,Decktonic,Electronic,Attribution,180,small,1,True,False,True
Night Owl - Broke For Free,Electronic,42377,Night Owl,Broke For Free,Electronic,Creative Commons Attribution,194,small,1,True,False,True
Noam Chomsky's Corporate Carbohydrate Surprise - Quelle Fromage,Electronic,71512,Noam Chomsky's Corporate Carbohydrate Surprise,Quelle Fromage,Electronic,Creative Commons Attribution,212,small,1,True,False,True
Norweigian Wood II - Bird Names,Pop,6791,Norweigian Wood II,Bird Names,Pop,Attribution,140,large,1,True,False,True
Nose - DUSTdevils,Rock,26730,Nose,DUSTdevils,Rock,Attribution-NoDerivatives 3.0 International,306,medium,1,False,True,True
Nostalgia - Malaventura,Pop,113017,Nostalgia,Malaventura,Pop,Public Domain Mark 1.0,181,small,1,True,False,True
"November 25, 2007 - Kenneth Kirschner",Electronic,24922,"November 25, 2007",Kenneth Kirschner,Electronic,Attribution 3.0 United States,305,medium,1,True,False,True
Nuo Maisemat - Paavoharju,Electronic,31561,Nuo Maisemat,Paavoharju,Electronic,Attribution-NoDerivatives 3.0 International,212,medium,1,False,True,True
OOOTHERSIDE - Liquid Paper - Mike B. Fort,Electronic,142080,OOOTHERSIDE - Liquid Paper,Mike B. Fort,Electronic,Attribution,193,small,1,True,False,True
OOOTHERSIDE - This Time - Mike B. Fort,Electronic,142081,OOOTHERSIDE - This Time,Mike B. Fort,Electronic,Attribution,195,small,1,True,False,True
OST 04 Ship under attack - sawsquarenoise,Electronic,115814,OST 04 Ship under attack,sawsquarenoise,Electronic,Attribution,189,small,1,True,False,True
Ohtli - Seclorance,Electronic,140344,Ohtli,Seclorance,Electronic,Attribution,184,small,1,True,False,True
Okiirobo Navigation System - Henry Homesweet,Electronic,22457,Okiirobo Navigation System,Henry Homesweet,Electronic,Attribution 2.0 UK: England ,229,medium,1,True,False,True
On My Mind - Ergo Phizmiz,Pop,22475,On My Mind,Ergo Phizmiz,Pop,Attribution 3.0 United States,271,small,1,True,False,True
One Eyed Ghost/This is gonna be a rough show - The Crypts!,Rock,131160,One Eyed Ghost/This is gonna be a rough show,The Crypts!,Rock,Attribution,211,large,1,True,False,True
Only Instrumental - Broke For Free,Electronic,42372,Only Instrumental,Broke For Free,Electronic,Creative Commons Attribution,158,small,1,True,False,True
Outro - Caleb Lemond,Pop,135342,Outro,Caleb Lemond,Pop,Attribution,176,small,1,True,False,True
Paris - Fleslit,Electronic,145803,Paris,Fleslit,Electronic,Attribution,211,medium,1,True,False,True
Pista Afuera - Epstein,Electronic,24919,Pista Afuera,Epstein,Electronic,Attribution 3.0 United States,185,medium,1,True,False,True
Polinesia - Malaventura,Pop,113020,Polinesia,Malaventura,Pop,Public Domain Mark 1.0,187,small,1,True,False,True
Ponky McFonky - My brother Daniel,Electronic,117288,Ponky McFonky,My brother Daniel,Electronic,Attribution-NoDerivatives 4.0 International,111,small,1,False,True,True
Production - Bird Names,Pop,6796,Production,Bird Names,Pop,Attribution,163,large,1,True,False,True
Promo Mix Vocal Edit (Luv Dub Mix) - Pierlo,Electronic,64331,Promo Mix Vocal Edit (Luv Dub Mix),Pierlo,Electronic,Creative Commons Attribution,283,small,1,True,False,True
Puertas de Fuego - Guerra de Cerdos,Rock,121253,Puertas de Fuego,Guerra de Cerdos,Rock,Attribution-NoDerivatives 4.0 International,230,medium,1,False,True,True
Reagan Shut Down the Asylums - Punk Rock Opera,Rock,149406,Reagan Shut Down the Asylums,Punk Rock Opera,Rock,Attribution,154,medium,2,True,False,True
Realize Me - Jim Rooster,Electronic,121726,Realize Me,Jim Rooster,Electronic,Attribution,124,medium,1,True,False,True
Redlight - Room For A Ghost,Rock,61493,Redlight,Room For A Ghost,Rock,Creative Commons Attribution,397,small,1,True,False,True
Resistentialism - Nihilore,Electronic,132443,Resistentialism,Nihilore,Electronic,Attribution,184,medium,1,True,False,True
Roach-Man - Punk Rock Opera,Rock,149405,Roach-Man,Punk Rock Opera,Rock,Attribution,229,medium,1,True,False,True
Robocall - Legally Blind,Rock,130403,Robocall,Legally Blind,Rock,Attribution,234,medium,1,True,False,True
Robot Heart - Mystery Mammal,Electronic,143055,Robot Heart,Mystery Mammal,Electronic,Attribution,235,small,1,True,False,True
Roland Garros 2048 - Zoliborz,Rock,115761,Roland Garros 2048,Zoliborz,Rock,CC0 1.0 Universal,208,small,1,True,False,True
Roller Star - Monroeville Music Center,Pop,91164,Roller Star,Monroeville Music Center,Pop,Creative Commons Attribution,134,small,1,True,False,True
Rolling On - Avaren,Electronic,112373,Rolling On,Avaren,Electronic,Attribution,282,medium,1,True,False,True
"Roundtrip - Oh Yeah, the Future",Pop,127302,Roundtrip,"Oh Yeah, the Future",Pop,Attribution,511,small,1,True,False,True
Rumble - Railkid Station,Rock,94338,Rumble,Railkid Station,Rock,Attribution-NoDerivatives 3.0 International,149,medium,1,False,True,True
Running Free - Michett featuring Kalipluche,Electronic,131965,Running Free,Michett featuring Kalipluche,Electronic,Attribution,196,large,1,True,False,True
SD (Ill Mix) - H-LR,Electronic,145918,SD (Ill Mix),H-LR,Electronic,Attribution,157,small,1,True,False,True
Scape from the city - Rolemusic,Electronic,91622,Scape from the city,Rolemusic,Electronic,Creative Commons Attribution,204,small,1,True,False,True
Scramby Eggs - Andy G. Cohen,Rock,126300,Scramby Eggs,Andy G. Cohen,Rock,Attribution,98,small,1,True,False,True
Sea Monster - The Crypts!,Rock,131122,Sea Monster,The Crypts!,Rock,Attribution,120,medium,2,True,False,True
Seppuku Bot - Decktonic,Electronic,87842,Seppuku Bot,Decktonic,Electronic,Attribution,196,large,1,True,False,True
Set Fire to Creation - Nihilore,Electronic,140925,Set Fire to Creation,Nihilore,Electronic,Creative Commons Attribution,349,small,1,True,False,True
Sfogare Il Dissenso - Deiezione HC,Rock,148889,Sfogare Il Dissenso,Deiezione HC,Rock,Attribution,108,large,1,True,False,True
Shadow Government - Bird Names,Pop,6790,Shadow Government,Bird Names,Pop,Attribution,139,large,1,True,False,True
She Works / Tepid Waters - Bird Names,Pop,6793,She Works / Tepid Waters,Bird Names,Pop,Attribution,353,large,1,True,False,True
Sheffield Hall - Andy G. Cohen,Rock,126294,Sheffield Hall,Andy G. Cohen,Rock,Attribution,105,small,1,True,False,True
Shipwrecked Crew - Pete Prodoehl,Rock,118053,Shipwrecked Crew,Pete Prodoehl,Rock,Attribution,107,medium,1,True,False,True
Slot - Neotnas,Electronic,33601,Slot,Neotnas,Electronic,Attribution-NoDerivatives 3.0 International,367,large,1,False,True,True
Slow and Steady - Caleb Lemond,Pop,135336,Slow and Steady,Caleb Lemond,Pop,Attribution,139,small,1,True,False,True
Snakefirewalking - Los Llamarada,Rock,28756,Snakefirewalking,Los Llamarada,Rock,Attribution-NoDerivatives 3.0 International,126,large,1,False,True,True
"Snowday - Oh Yeah, the Future",Pop,127303,Snowday,"Oh Yeah, the Future",Pop,Attribution,251,small,1,True,False,True
Soleares&beats - Malaventura,Pop,113024,Soleares&beats,Malaventura,Pop,Public Domain Mark 1.0,180,small,1,True,False,True
Something Dirty - Ergo Phizmiz,Pop,22478,Something Dirty,Ergo Phizmiz,Pop,Attribution 3.0 United States,184,small,1,True,False,True
Sonzis FM - Pipe Choir,Rock,129969,Sonzis FM,Pipe Choir,Rock,Attribution,292,small,1,True,False,True
Soul of the Demon - Zombie Raiders,Rock,37147,Soul of the Demon,Zombie Raiders,Rock,Attribution-No Derivative Works 3.0 United States,124,small,1,True,False,True
Space is my pace - Malaventura,Pop,113026,Space is my pace,Malaventura,Pop,Public Domain Mark 1.0,252,small,1,True,False,True
Spanish BEEEYYAAACHHH - Malaventura,Pop,113016,Spanish BEEEYYAAACHHH,Malaventura,Pop,Public Domain Mark 1.0,113,small,1,True,False,True
Stockholm Syndrome / People Should Be More Aware - Bird Names,Pop,6795,Stockholm Syndrome / People Should Be More Aware,Bird Names,Pop,Attribution,319,large,1,True,False,True
Stranger - Frigg A Go Go (F.A.G.G.),Rock,5287,Stranger,Frigg A Go Go (F.A.G.G.),Rock,Attribution,292,large,1,True,False,True
Straw Fields - Rolemusic,Electronic,45101,Straw Fields,Rolemusic,Electronic,Attribution,238,small,1,True,False,True
Strongbreeze - Rowan Box,Electronic,148804,Strongbreeze,Rowan Box,Electronic,Attribution,3682,large,2,True,False,True
Sturgeon's Law - Nihilore,Electronic,145818,Sturgeon's Law,Nihilore,Electronic,Creative Commons Attribution,292,medium,1,True,False,True
Stuttgart - Portrayal,Rock,147951,Stuttgart,Portrayal,Rock,Attribution,215,medium,1,True,False,True
Support Me in This Moment That I'm About To Lose Heart - Nihilore,Electronic,132439,Support Me in This Moment That I'm About To Lose Heart,Nihilore,Electronic,Attribution,463,medium,1,True,False,True
TTL - Twin Heads,Electronic,143129,TTL,Twin Heads,Electronic,Attribution-NoDerivatives 4.0 International,211,medium,1,False,True,True
Take It All - Mod Fun,Rock,3963,Take It All,Mod Fun,Rock,Attribution,207,large,1,True,False,True
Take Your Fingers - Michael Fakesch,Electronic,33594,Take Your Fingers,Michael Fakesch,Electronic,Attribution-NoDerivatives 3.0 International,206,large,2,False,True,True
Tapes - Gumbel,Electronic,116878,Tapes,Gumbel,Electronic,Attribution,123,small,1,True,False,True
Tartu Tähän Hetkeen - Paavoharju,Electronic,31566,Tartu Tähän Hetkeen,Paavoharju,Electronic,Attribution-NoDerivatives 3.0 International,262,medium,1,False,True,True
Terve Teille - Чокнутый Пропеллер,Rock,102190,Terve Teille,Чокнутый Пропеллер,Rock,Attribution,208,medium,1,True,False,True
The Adventures Of Roderick Random - Maps And Diagrams,Electronic,33625,The Adventures Of Roderick Random,Maps And Diagrams,Electronic,Attribution-NoDerivatives 3.0 International,278,large,1,False,True,True
The Big House - Jason Shaw,Electronic,52649,The Big House,Jason Shaw,Electronic,Attribution 3.0 United States,188,small,1,True,False,True
The Boss - Multifaros,Electronic,15770,The Boss,Multifaros,Electronic,Attribution 3.0 United States,296,small,1,True,False,True
The Cave of Time - Monroeville Music Center,Pop,91157,The Cave of Time,Monroeville Music Center,Pop,Creative Commons Attribution,163,small,1,True,False,True
The Coldest Winter - Caleb Lemond,Pop,135338,The Coldest Winter,Caleb Lemond,Pop,Attribution,134,small,1,True,False,True
The Contract - The IMG,Rock,129262,The Contract,The IMG,Rock,Attribution,139,medium,1,True,False,True
The Courtyard - Uncle Bibby,Electronic,71821,The Courtyard,Uncle Bibby,Electronic,Creative Commons Attribution,180,medium,1,True,False,True
The Dawn - The One They Fear,Rock,145607,The Dawn,The One They Fear,Rock,Attribution,235,small,1,True,False,True
The Dream and the Dreamer - Caleb Lemond,Pop,135337,The Dream and the Dreamer,Caleb Lemond,Pop,Attribution,198,small,1,True,False,True
The Factory - Multifaros,Electronic,15769,The Factory,Multifaros,Electronic,Attribution 3.0 United States,282,small,1,True,False,True
The Front Yard - HarleyLikesMusic,Electronic,71801,The Front Yard,HarleyLikesMusic,Electronic,Creative Commons Attribution,144,medium,1,True,False,True
The Monster Mash/Ya Look Fantastic - The Crypts!,Rock,131178,The Monster Mash/Ya Look Fantastic,The Crypts!,Rock,Attribution,166,medium,1,True,False,True
"The Pursuit of Unintentional Humor - Oh Yeah, the Future",Pop,127297,The Pursuit of Unintentional Humor,"Oh Yeah, the Future",Pop,Attribution,197,small,1,True,False,True
The Queen - Malaventura,Pop,113027,The Queen,Malaventura,Pop,Public Domain Mark 1.0,122,small,1,True,False,True
The Race Forever - Monroeville Music Center,Pop,91159,The Race Forever,Monroeville Music Center,Pop,Creative Commons Attribution,108,small,1,True,False,True
The Reality Machine - Monroeville Music Center,Pop,91161,The Reality Machine,Monroeville Music Center,Pop,Creative Commons Attribution,248,small,1,True,False,True
The Sandman - Ergo Phizmiz,Pop,22481,The Sandman,Ergo Phizmiz,Pop,Attribution 3.0 United States,239,small,1,True,False,True
The Secret Garden - Barbarix,Electronic,141617,The Secret Garden,Barbarix,Electronic,Attribution,349,small,1,True,False,True
The Stairway - WarpToken,Electronic,71807,The Stairway,WarpToken,Electronic,Creative Commons Attribution,247,medium,1,True,False,True
The girl just faded - Los Llamarada,Rock,28752,The girl just faded,Los Llamarada,Rock,Attribution-NoDerivatives 3.0 International,231,large,1,False,True,True
The plot - Malaventura,Pop,113023,The plot,Malaventura,Pop,Public Domain Mark 1.0,238,small,1,True,False,True
Three Bird - My brother Daniel,Electronic,117282,Three Bird,My brother Daniel,Electronic,Attribution-NoDerivatives 4.0 International,332,medium,1,False,True,True
Time Is Love - Silence is full of birds,Pop,97023,Time Is Love,Silence is full of birds,Pop,Attribution,386,large,1,True,False,True
Time Up - ENDRUDARK,Electronic,89816,Time Up,ENDRUDARK,Electronic,Creative Commons Attribution,339,small,1,True,False,True
Timen Passing By - Jason Shaw,Electronic,52650,Timen Passing By,Jason Shaw,Electronic,Attribution 3.0 United States,248,small,1,True,False,True
Topam - Twin Heads,Electronic,143126,Topam,Twin Heads,Electronic,Attribution-NoDerivatives 4.0 International,268,medium,1,False,True,True
Track 04 - Lightning Bolt,Rock,3836,Track 04,Lightning Bolt,Rock,Attribution,301,medium,1,True,False,True
Transmit - Lamprey,Rock,147709,Transmit,Lamprey,Rock,Attribution,255,large,1,True,False,True
Troubles I've seen - Malaventura,Pop,113018,Troubles I've seen,Malaventura,Pop,Public Domain Mark 1.0,192,small,1,True,False,True
Ugh! Humans Can Join - Mystery Mammal,Electronic,143059,Ugh! Humans Can Join,Mystery Mammal,Electronic,Attribution,191,small,1,True,False,True
Ugly - Vienna Ditto,Electronic,107613,Ugly,Vienna Ditto,Electronic,Attribution,282,small,1,True,False,True
Understand That This Is A Dream - From the album Modulating Coil [RSVP008] - Forrest James,Electronic,60833,Understand That This Is A Dream - From the album Modulating Coil [RSVP008],Forrest James,Electronic,Attribution-NoDerivatives 3.0 International,393,medium,1,False,True,True
Unexpected Little Happenings - UltraCat,Electronic,39607,Unexpected Little Happenings,UltraCat,Electronic,Creative Commons Attribution,246,small,1,True,False,True
Untitled - Fatal Injection,Rock,140149,Untitled,Fatal Injection,Rock,Attribution,192,large,5,True,False,True
Vanishing Horizon - Jason Shaw,Electronic,52628,Vanishing Horizon,Jason Shaw,Electronic,Attribution 3.0 United States,163,small,1,True,False,True
Variations - Decktonic,Electronic,72070,Variations,Decktonic,Electronic,Attribution,204,small,1,True,False,True
Versailles - Pierce Murphy,Rock,121769,Versailles,Pierce Murphy,Rock,Attribution,252,medium,1,True,False,True
Voxel - Andy G. Cohen,Rock,126296,Voxel,Andy G. Cohen,Rock,Attribution,138,medium,1,True,False,True
WET DREAMS - voyageurs,Rock,42770,WET DREAMS,voyageurs,Rock,Attribution 3.0 International,261,medium,2,True,False,True
Wake Up - The Moi Non Plus,Rock,4389,Wake Up,The Moi Non Plus,Rock,Attribution,375,large,1,True,False,True
We Are Canucks - David Blair,Pop,86634,We Are Canucks,David Blair,Pop,Creative Commons Attribution,146,small,1,True,False,True
We Misplaced A Cobra In the Uninhabitable Mansions - Uninhabitable Mansions,Rock,5149,We Misplaced A Cobra In the Uninhabitable Mansions,Uninhabitable Mansions,Rock,Attribution,266,medium,1,True,False,True
We Move in Waves - Modey Lemon,Rock,3984,We Move in Waves,Modey Lemon,Rock,Attribution,255,large,1,True,False,True
Westside Chillers - Little Glass Men,Electronic,118921,Westside Chillers,Little Glass Men,Electronic,Attribution,213,small,1,True,False,True
When I Was Taller - Dan Deacon,Electronic,4701,When I Was Taller,Dan Deacon,Electronic,Attribution-NoDerivatives 3.0 International,136,medium,1,False,True,True
When Will We Ever Learn - Ontayso,Electronic,33595,When Will We Ever Learn,Ontayso,Electronic,Attribution-NoDerivatives 3.0 International,316,large,1,False,True,True
Where Is Everything - The Moi Non Plus,Rock,4384,Where Is Everything,The Moi Non Plus,Rock,Attribution,206,large,1,True,False,True
Who Loves You Dear - Mink Lungs,Rock,3936,Who Loves You Dear,Mink Lungs,Rock,Attribution,130,medium,1,True,False,True
Windows of the Skull (Alternate Version) - Sarin,Rock,113529,Windows of the Skull (Alternate Version),Sarin,Rock,Attribution-NoDerivatives 4.0 International,120,medium,1,False,True,True
Windows of the Skull - Sarin,Rock,113524,Windows of the Skull,Sarin,Rock,Attribution-NoDerivatives 4.0 International,116,medium,1,False,True,True
Wir Werden Gott - Japanische Kampfhorspiele,Rock,6777,Wir Werden Gott,Japanische Kampfhorspiele,Rock,Attribution,139,medium,1,True,False,True
"With the Summer - Oh Yeah, the Future",Pop,127299,With the Summer,"Oh Yeah, the Future",Pop,Attribution,151,small,1,True,False,True
Ynkelig - Die Morgendammerung Des Valhalla,Rock,149711,Ynkelig,Die Morgendammerung Des Valhalla,Rock,Attribution,407,medium,1,True,False,True
Yoko live at FoEG - Emma Acs,Pop,63082,Yoko live at FoEG,Emma Acs,Pop,Attribution,151,large,1,True,False,True
You Are A Monster - Monroeville Music Center,Pop,91163,You Are A Monster,Monroeville Music Center,Pop,Creative Commons Attribution,127,small,1,True,False,True
Yurtology - Michett,Electronic,130137,Yurtology,Michett,Electronic,Attribution,281,small,1,True,False,True
Z-Saber (feat Jake Allison) - Decktonic,Electronic,72073,Z-Saber (feat Jake Allison),Decktonic,Electronic,Attribution,131,small,1,True,False,True
danse macabre - Katapulto,Pop,21999,danse macabre,Katapulto,Pop,Public Domain,208,small,1,True,False,True
gospellioza - Katapulto,Pop,21996,gospellioza,Katapulto,Pop,Public Domain,154,small,1,True,False,True
karaoke megablast - Katapulto,Pop,21998,karaoke megablast,Katapulto,Pop,Public Domain,137,small,1,True,False,True
kolorowe wody - Katapulto,Pop,22000,kolorowe wody,Katapulto,Pop,Public Domain,216,small,1,True,False,True
mc trabalenguas - Volumina,Pop,26231,mc trabalenguas,Volumina,Pop,Attribution,161,large,1,True,False,True
mystery team 2090 - Jesse Futerman,Electronic,40485,mystery team 2090,Jesse Futerman,Electronic,Attribution,130,large,1,True,False,True
philcollins takes your hand - Katapulto,Pop,22001,philcollins takes your hand,Katapulto,Pop,Public Domain,264,small,1,True,False,True
purity & danger - Katapulto,Pop,21997,purity & danger,Katapulto,Pop,Public Domain,260,small,1,True,False,True
shmoove - epsilon not,Electronic,114545,shmoove,epsilon not,Electronic,Attribution,222,small,1,True,False,True
some dextromethorphan - Jeva,Electronic,12121,some dextromethorphan,Jeva,Electronic,Attribution,383,large,1,True,False,True
zero rhythm dollar boy - Katapulto,Pop,21995,zero rhythm dollar boy,Katapulto,Pop,Public Domain,289,small,1,True,False,True
В Наших Сердцах - Чокнутый Пропеллер,Rock,102183,В Наших Сердцах,Чокнутый Пропеллер,Rock,Attribution,207,large,1,True,False,True
Глазами Детей - Чокнутый Пропеллер,Rock,98077,Глазами Детей,Чокнутый Пропеллер,Rock,Attribution,236,small,2,True,False,True
Кортни Лав - Чокнутый Пропеллер,Rock,102188,Кортни Лав,Чокнутый Пропеллер,Rock,Attribution,269,medium,1,True,False,True
Новый Нью-Йорк 2 - Чокнутый Пропеллер,Rock,102179,Новый Нью-Йорк 2,Чокнутый Пропеллер,Rock,Attribution,179,medium,1,True,False,True
